bin_name	total_scgs	supporting_scgs	t_domain	t_phylum	t_class	t_order	t_family	t_genus	t_species	KG_HC_HMP_S024_01	KG_HC_HMP_S024_02	KG_HC_HMP_S028_01	KG_HC_HMP_S028_02	KG_HC_HMP_S030_01	KG_HC_HMP_S030_02	KG_HC_HMP_S117_01	KG_HC_HMP_S117_02	KG_HC_HMP_S126_01	KG_HC_HMP_S140_01	KG_HC_HMP_S149_01	KG_HC_HMP_S152_01	KG_HC_HMP_S153_01	KG_HC_HMP_S161_01
H_aegyptius_str_CCUG_628_id_GCA_001679305_1	22	14	Bacteria	Proteobacteria	Gammaproteobacteria	Enterobacterales	Pasteurellaceae	Haemophilus	None	0.09748462931079262	0.13585000706011552	0.1708560630095971	0.11306503447546373	1.695795410495736	0.0	0.04876711189430976	0.0	0.001582994120307553	0.9304938026442499	0.07841996218820445	0.0	1.5023475293297452	0.0
H_aegyptius_str_ATCC_11116_id_GCA_000195005_1	22	16	Bacteria	Proteobacteria	Gammaproteobacteria	Enterobacterales	Pasteurellaceae	Haemophilus	None	0.029086485290864852	0.04830601222299771	0.09893743054209506	0.04436069030010386	1.0815730441547895	0.0	0.029275808936825885	0.0	0.044790975447909755	0.6258713996999106	0.030579517805795178	0.0	1.7276885249806646	0.0
H_ducreyi_str_CCUG_4438_id_GCA_002015155_1	22	20	Bacteria	Proteobacteria	Gammaproteobacteria	Enterobacterales	Pasteurellaceae	Haemophilus	Haemophilus ducreyi	0.0	0.0	0.0	0.0	0.0	0.0	0.0	0.0	0.0	0.0	0.0	0.0	0.0	0.0
H_ducreyi_str_VAN1_id_GCA_001647655_1	22	16	Bacteria	Proteobacteria	Gammaproteobacteria	Enterobacterales	Pasteurellaceae	Haemophilus	Haemophilus ducreyi	0.0	0.0	0.0	0.0	0.0	0.0	0.0	0.0	0.0	0.0	0.0	0.0	0.0	0.0
H_haemolyticus_str_ATCC_33390_id_GCA_004368535_1	22	22	Bacteria	Proteobacteria	Gammaproteobacteria	Enterobacterales	Pasteurellaceae	None	None	0.18363073141513475	0.7341090682214056	0.8699917056894886	0.4936988774255584	10.40140976887089	0.005970724191063175	0.6211507982165244	0.0	0.059479232480002135	6.770466623281689	0.44410486297008805	0.017745017745017744	9.911328268495303	0.05759268690788832
H_haemolyticus_str_M19066_id_GCA_003494695_1	22	22	Bacteria	Proteobacteria	Gammaproteobacteria	Enterobacterales	Pasteurellaceae	None	None	0.18495962288999038	0.4027420462521974	0.5863336841509965	0.14522610214777154	4.451555472694157	0.0	0.2439473412640332	0.0	0.13517667141636883	2.5373772984030167	0.5039971195559717	0.0	5.387464420546916	0.13246220031608077
H_haemolyticus_str_60971_B_Hi_3_id_GCA_006439235_1	22	22	Bacteria	Proteobacteria	Gammaproteobacteria	Enterobacterales	Pasteurellaceae	None	None	0.08810079556815502	0.3368513786327193	1.9761345299872908	0.2347041497730576	8.731432005729996	0.0	0.48805141945967034	0.0	0.0984707356245711	8.801728523750318	0.26786805405299075	0.014799154334038056	43.61916334603173	1.8576071172520765
H_haemolyticus_str_M26160_id_GCA_003494485_1	22	22	Bacteria	Proteobacteria	Gammaproteobacteria	Enterobacterales	Pasteurellaceae	None	None	0.03917157927396835	0.3088352502262015	0.6750365304709208	0.29163230917029603	3.5584268107282138	0.012583461736004109	0.19517972101800962	0.0	0.010237510237510237	3.853691590412386	0.5099676457455885	0.0	7.916700531950648	0.031523843388250164
H_haemolyticus_str_M26157_id_GCA_003494105_1	22	22	Bacteria	Proteobacteria	Gammaproteobacteria	Enterobacterales	Pasteurellaceae	None	None	0.5956403200920959	0.3633880472733274	0.8540988612224791	0.36020032554409115	4.803734864937355	0.021975479990747167	0.19271563510619796	0.0	0.13493824220658315	4.533366293538197	0.2481705943709058	0.0	8.674991347820812	0.039481351981351984
H_haemolyticus_str_M11818_id_GCA_003494635_1	22	22	Bacteria	Proteobacteria	Gammaproteobacteria	Enterobacterales	Pasteurellaceae	None	None	0.12237632951640705	0.3838460950494287	0.3938100905500793	0.20738776565752162	6.743206048130459	0.0	0.5315293225427382	0.0	0.25991745104178804	3.5981301025353223	0.2351132118158696	0.0	6.511439392184884	0.2121399765787799
H_haemolyticus_str_M19080_id_GCA_003494285_1	22	22	Bacteria	Proteobacteria	Gammaproteobacteria	Enterobacterales	Pasteurellaceae	None	None	0.067842605156038	0.5843427256564712	0.5177342821761738	0.2759916160134082	3.1786074396389434	0.0	0.08864035376445853	0.0	0.020104895104895104	3.1459656184238	0.2355538863380836	0.0	4.220277696782507	0.10472313999398244
H_haemolyticus_str_M26164_id_GCA_003494525_1	22	22	Bacteria	Proteobacteria	Gammaproteobacteria	Enterobacterales	Pasteurellaceae	None	None	0.1086769949418171	0.3745624578725341	0.7157982446763891	0.12025238501473416	3.2211047558036685	0.0	0.30897345136513626	0.0	0.014634986225895317	3.748934889058413	0.22908305522771347	0.002437417654808959	8.706578108827749	0.15472298219042432
H_haemolyticus_str_M25342_id_GCA_003493465_1	22	11	Bacteria	Proteobacteria	Gammaproteobacteria	Enterobacterales	Pasteurellaceae	Haemophilus	None	0.08676985995910266	0.7036743993772502	0.796393920776075	0.19068672116579985	4.009308713246835	0.0	0.26208152540279145	0.0035943375359433756	0.1839720437714061	4.33597292056588	0.6131395033950994	0.0	7.178917372681644	0.7642498994921066
H_haemolyticus_str_M28908_id_GCA_003494545_1	22	11	Bacteria	Proteobacteria	Gammaproteobacteria	Enterobacterales	Pasteurellaceae	Haemophilus	None	0.06667348453639926	0.44331502191955374	0.9423724023376057	0.33449127311142585	8.496326926161789	0.0	0.3709199880953145	0.0	0.001582994120307553	8.843273084719213	0.17136581467316578	0.0	11.225686587123926	0.1373194708482136
H_haemolyticus_str_M19099_id_GCA_003490935_1	22	22	Bacteria	Proteobacteria	Gammaproteobacteria	Enterobacterales	Pasteurellaceae	None	None	0.1198413302384406	0.30039186500293746	0.5749098956980725	0.21317331801381217	3.7699020537410464	0.0	0.27952838850968076	0.0	0.014932131401508652	2.5752308747463037	0.31399502166606036	0.0	6.075603115534955	0.03898535921007831
H_haemolyticus_str_M26156_id_GCA_003490655_1	22	22	Bacteria	Proteobacteria	Gammaproteobacteria	Enterobacterales	Pasteurellaceae	None	None	0.2486348801051288	0.7919639838737559	1.0167319435710516	0.7006895527917123	2.7004020603010512	0.0	0.3562408363651038	5.529750055297501e-05	0.07332802804632804	4.6915198241484495	0.5258494324742663	0.0	6.526274709513703	0.031747973865401485
H_haemolyticus_str_M19071_id_GCA_003493965_1	22	22	Bacteria	Proteobacteria	Gammaproteobacteria	Enterobacterales	Pasteurellaceae	None	None	0.14133360563722464	0.4410303916204578	0.7171151865535442	0.1801930621299493	3.10095765900618	0.0	0.3660084079058441	0.0	0.038189954515485715	2.420149136795796	0.22985287743931798	0.0	4.6049867885416775	0.05546167816192884
H_haemolyticus_str_M26174_id_GCA_003493245_1	22	22	Bacteria	Proteobacteria	Gammaproteobacteria	Enterobacterales	Pasteurellaceae	None	None	0.21553014490655842	0.9019271315106292	1.0241320417100872	0.2318332843055433	10.254244745253452	0.0	0.37492883832109847	0.014242424242424244	0.10826447574207282	4.207920500232783	0.7048439618652833	0.01167728237791932	8.49917557085685	0.15589537786578467
H_haemolyticus_str_M19155_id_GCA_003490305_1	22	13	Bacteria	Proteobacteria	Gammaproteobacteria	Enterobacterales	Pasteurellaceae	Haemophilus	None	0.26890434972813293	0.7313504077506157	1.0228554281605986	0.3736344759139625	2.436580053317618	0.008990318118948824	0.2667119187259472	0.0	0.0	2.2541664216154262	0.488229383491794	0.0	5.166046949894914	0.0
H_haemolyticus_str_HI2028_id_GCA_004368395_1	22	22	Bacteria	Proteobacteria	Gammaproteobacteria	Enterobacterales	Pasteurellaceae	None	None	0.20706034860064226	0.352136328786999	0.7867144885263276	0.2932577796462368	4.550885728008098	0.0	0.3676684027088171	0.0	0.1084430334254402	6.189324920049768	0.5546351329873583	0.0	15.810479888645311	0.2564027765691815
H_haemolyticus_str_65117_B_Hi_3_id_GCA_006439285_1	22	11	Bacteria	Proteobacteria	Gammaproteobacteria	Enterobacterales	Pasteurellaceae	Haemophilus	None	0.22562469388819714	0.4413214178289371	0.9954380482251053	0.4066978914899629	7.250756489888951	0.00034698126301179735	0.33069218395728767	0.016091954022988506	0.1166161514135095	4.876597124916985	0.4592333049639192	0.0	11.872509416676719	0.11822694729239279
H_haemolyticus_str_M19122_id_GCA_003493365_1	22	22	Bacteria	Proteobacteria	Gammaproteobacteria	Enterobacterales	Pasteurellaceae	None	None	0.16795798898071623	0.7038126831066428	0.5066456294184957	0.20860421047981764	3.457271477081178	0.0	0.275586351565606	0.0	0.04263062744671597	2.4013961055612127	0.2593618173970715	0.0	5.73103520130043	0.10658027158027158
H_haemolyticus_str_M19140_id_GCA_003490235_1	22	12	Bacteria	Proteobacteria	Gammaproteobacteria	Enterobacterales	Pasteurellaceae	Haemophilus	None	0.2972956523036519	0.6539869470825943	0.517664705934886	0.21788332950585512	4.881990702247146	0.0	0.13072255148184933	0.0	0.013061650992685475	2.9356318199729112	0.31670464910742246	0.0	6.9110142786901605	0.09995483566757696
H_haemolyticus_str_M26166_id_GCA_003492745_1	22	22	Bacteria	Proteobacteria	Gammaproteobacteria	Enterobacterales	Pasteurellaceae	None	None	0.25547691475556245	0.534104970248002	0.6497358919674846	0.3801202434925053	2.443698718636967	0.0	0.2185988064284526	0.0	0.11361491201280666	3.5109651078881132	0.930701282291087	0.0	4.193219703337024	0.13405228335944272
H_haemolyticus_str_60982_B_Hi_1_id_GCA_006439215_1	22	22	Bacteria	Proteobacteria	Gammaproteobacteria	Enterobacterales	Pasteurellaceae	None	None	0.12554945718568253	0.6522145190418233	0.8513871654790218	0.43486361444354515	8.9362956308504	0.0018808777429467085	0.7637030812945818	0.0	0.11448381302367867	4.654922080140757	0.36311800366138475	0.0	12.854080739044406	0.5365161347501443
H_haemolyticus_str_60824_B_Hi_4_id_GCA_006439315_1	21	21	Bacteria	Proteobacteria	Gammaproteobacteria	Enterobacterales	Pasteurellaceae	None	None	0.053600883174232096	0.32025201633913286	0.8112651064874637	0.4076921717447926	6.480252240487981	0.0	0.16981927506222091	0.0	0.07295367664138502	3.6413171923140415	0.21251055875730254	0.0	13.526858758067151	0.2653374286836132
H_haemolyticus_str_CCUG_39154_id_GCA_001679445_1	22	22	Bacteria	Proteobacteria	Gammaproteobacteria	Enterobacterales	Pasteurellaceae	None	None	0.23917516951201379	0.4694678378825531	0.6029952641884555	0.2993126583458079	8.396952585955496	0.010015408320493066	0.6660417193130672	0.0	0.02726548139334447	2.7686115611282185	0.3996892770335822	0.00022119000221190003	7.799419029481066	0.1602679636671742
H_haemolyticus_str_60819_B_Hi_1_id_GCA_006439245_1	22	11	Bacteria	Proteobacteria	Gammaproteobacteria	Enterobacterales	Pasteurellaceae	Haemophilus	None	0.039586919104991396	0.3764322205506793	0.7203741404972223	0.25407592894496617	12.723596431723912	0.0	0.7931904281520549	0.0	0.005983318711402403	5.133467103091025	0.4767228209927399	0.0	13.522848124100824	0.18877250442993646
H_haemolyticus_str_M19197_id_GCA_003492365_1	22	12	Bacteria	Proteobacteria	Gammaproteobacteria	Enterobacterales	Pasteurellaceae	Haemophilus	None	0.16830377486269754	0.5112833583404384	0.6426653420171852	0.3500061695644098	3.922710117492379	0.0	0.3370813337023506	0.0	0.0048484848484848485	3.317488788972304	0.7949497275774746	0.0	6.380308547647013	0.04311774461028192
H_haemolyticus_str_M19079_id_GCA_003490595_1	22	12	Bacteria	Proteobacteria	Gammaproteobacteria	Enterobacterales	Pasteurellaceae	Haemophilus	None	0.249975014842222	0.25534221675657787	0.38174342490311336	0.11942123363801604	2.2481987216844552	0.0	0.1214421265679237	0.0	0.12445167368715476	2.212085895243416	0.48737870095946756	0.0	3.6266376304556416	0.14008216699915702
H_haemolyticus_str_M26161_id_GCA_003493685_1	22	11	Bacteria	Proteobacteria	Gammaproteobacteria	Enterobacterales	Pasteurellaceae	Haemophilus	None	0.13101378798365504	0.6120771082403688	0.750274975820171	0.5335384775270285	2.7190870278759194	0.0	0.24579806826229794	0.0	0.005649717514124294	2.9710793252031134	0.7615091513342033	0.008593396653098146	5.33595572412182	0.09129659565706078
H_haemolyticus_str_CCUG_24149_id_GCA_001679135_1	22	22	Bacteria	Proteobacteria	Gammaproteobacteria	Enterobacterales	Pasteurellaceae	None	None	0.0911900101493403	0.2316819179747067	0.9169702001206932	0.20434283410722678	5.711329940089543	0.0	0.1635206778784653	0.0	0.005906522855675398	2.5875201142951436	0.8643525763917712	0.0	5.758555593789486	0.0683908983126247
H_haemolyticus_str_M19187_id_GCA_003493605_1	22	22	Bacteria	Proteobacteria	Gammaproteobacteria	Enterobacterales	Pasteurellaceae	None	None	0.13333709300669352	0.3890322266043635	0.35975303033763734	0.2101196937042176	3.2611484193687006	0.0	0.177135000168708	0.00724952878062926	0.0329774728114977	2.813956536330097	0.47517820133436933	0.03288700963119568	4.691946199449413	0.0609513357138866
H_haemolyticus_str_Haemophilus_haemolyticus_BgEED18_id_GCA_901873495_1	22	22	Bacteria	Proteobacteria	Gammaproteobacteria	Enterobacterales	Pasteurellaceae	None	None	0.01869440675410825	0.3870410752049766	1.0571388700331878	0.17595324546790206	6.42826455267475	0.024297024297024298	0.377626185009618	0.0	0.11592605156037993	4.020711543989905	0.6637855975355688	0.0	15.21818634859355	0.20952759780951843
H_haemolyticus_str_M19164_id_GCA_003491025_1	22	12	Bacteria	Proteobacteria	Gammaproteobacteria	Enterobacterales	Pasteurellaceae	Haemophilus	None	0.3379924314488816	0.6238334704015883	0.5319298219245812	0.3309249041419718	2.769787801674206	0.0	0.3397567778292145	0.0	0.00030152268958239106	2.702343002376818	0.7585979356189836	0.0	5.799499673138438	0.07590865828568803
H_haemolyticus_str_CCUG_15949_id_GCA_006439275_1	22	22	Bacteria	Proteobacteria	Gammaproteobacteria	Enterobacterales	Pasteurellaceae	None	None	0.07886660521992077	0.5503425614121612	0.9333847476790136	0.9408952761190204	7.492483093624203	0.004494093477144325	0.3294228244458251	0.0	0.17184843390617718	3.947911310337082	0.3776090351728423	0.0	8.698369663806192	0.2010022405519913
H_haemolyticus_str_M26167_id_GCA_003493125_1	22	22	Bacteria	Proteobacteria	Gammaproteobacteria	Enterobacterales	Pasteurellaceae	None	None	0.011543730622251063	0.30016870992292033	0.9861081237378895	0.45577345242644346	4.612397829299397	0.0	0.14357653256224442	0.0	0.033705088015432844	3.046105217896232	0.39222647270523053	0.0	7.656266294674979	0.11217642360520079
H_haemolyticus_str_11P18_id_GCA_001008205_1	22	22	Bacteria	Proteobacteria	Gammaproteobacteria	Enterobacterales	Pasteurellaceae	None	None	0.5804488822524061	0.48784665983201914	0.7352351229239602	0.3768614959950384	3.2451869580289023	0.0	0.13065535947876045	0.0	0.08337175232868231	3.1733091702130802	0.5498122638843445	0.005804311774461029	5.907587553228333	0.0
H_haemolyticus_str_16_549009_id_GCA_004362455_1	22	22	Bacteria	Proteobacteria	Gammaproteobacteria	Enterobacterales	Pasteurellaceae	None	None	0.15172734450990263	1.373522614202477	0.9086835655264699	0.41401343421627335	6.181994454387029	0.0	0.3863637690627595	0.0	0.07135641662743976	6.809587942976635	0.5769005788563801	0.03305785123966942	7.614435889294676	0.1375632314637825
H_haemolyticus_str_CCUG_30218_id_GCA_006439145_1	22	22	Bacteria	Proteobacteria	Gammaproteobacteria	Enterobacterales	Pasteurellaceae	None	None	0.180355441965221	0.2188802340906511	1.1158960843385766	0.8602648476310947	20.29859085850857	0.0	0.18782021495691553	0.0	0.37778892544461296	3.5172961993363074	0.2728417565964346	0.0	17.47347675865968	0.06738352853632007
H_haemolyticus_str_CCUG30047_id_GCA_013401795_1	22	22	Bacteria	Proteobacteria	Gammaproteobacteria	Enterobacterales	Pasteurellaceae	None	None	0.07265815935076983	0.23564731021911678	0.4642856776287267	0.4022985976885284	2.0880660012874532	0.0	0.3211500092901752	0.0	0.05771513274871081	2.9448723045802634	0.4145236945770117	0.0	3.753098776649594	0.006859641187999397
H_haemolyticus_str_S32F2_id_GCA_013401805_1	22	22	Bacteria	Proteobacteria	Gammaproteobacteria	Enterobacterales	Pasteurellaceae	None	None	0.6602281878336176	0.6315694378147808	1.184298573464674	0.7154031902862552	1.304852186275455	0.0	0.3350238939226092	0.0	0.3988400936456787	2.598184488263963	1.404901916716733	0.0	3.6266447512265474	0.03443526170798898
H_haemolyticus_str_1P26_id_GCA_001008215_1	22	11	Bacteria	Proteobacteria	Gammaproteobacteria	Enterobacterales	Pasteurellaceae	Haemophilus	None	0.1351007194805599	0.37832003578383144	6.9095214028157566	1.8348213346475084	4.381115796129079	0.0	0.6743745584814161	0.0	0.09377775383437999	3.7420804182998335	0.3357098332554153	0.0	8.850493937130656	0.06562844631026449
H_haemolyticus_str_PN24_id_GCA_013401825_1	22	22	Bacteria	Proteobacteria	Gammaproteobacteria	Enterobacterales	Pasteurellaceae	None	None	0.0	0.2852727680686006	1.262253579742293	0.2672630685485385	7.097537733927492	0.0	0.19258687522382784	0.0	0.11612730387227382	3.544457277672349	0.11875486707495853	0.0	10.247374070576988	0.05898981633329831
H_haemolyticus_str_27P25_id_GCA_001008275_1	23	12	Bacteria	Proteobacteria	Gammaproteobacteria	Enterobacterales	Pasteurellaceae	Haemophilus	None	0.09147261920722086	0.43807151060255967	0.7109447167103086	0.11795675383282336	4.281740430992766	0.0	0.397924201994433	0.0	0.022497212931995542	3.050295852751944	0.5363746314477753	0.0	7.6867895906111094	0.2856084392755577
H_haemolyticus_str_3P5_id_GCA_001008225_1	22	22	Bacteria	Proteobacteria	Gammaproteobacteria	Enterobacterales	Pasteurellaceae	None	None	0.06526240060100975	0.3328214924137471	1.1392327487303298	0.6082525881865801	4.378977312200421	0.0	0.5758519640280787	0.0	0.10395340489044992	4.402516116660195	0.17337496928609422	0.0	7.069620507772179	0.08664810177205377
H_haemolyticus_str_CCUG_31732_id_GCA_006439125_1	22	22	Bacteria	Proteobacteria	Gammaproteobacteria	Enterobacterales	Pasteurellaceae	None	None	0.13739366946715703	0.4189133466844281	0.8789672455766886	0.33820703764010523	80.90238649948127	0.02765449632128134	0.4765820571481054	0.0	0.2981011582218381	4.284160178229353	0.9052367149331763	0.0	11.273079026590347	0.15620812668867864
H_haemolyticus_str_NCTC10839_id_GCA_900477945_1	22	22	Bacteria	Proteobacteria	Gammaproteobacteria	Enterobacterales	Pasteurellaceae	None	None	0.17396413142494163	0.541170349134532	0.6851621219753508	0.7270070408093602	6.752114514836318	0.015268065268065267	0.14117502302366314	0.0	0.062071023075807766	4.871940187537678	0.4052391738146383	0.0	5.7664126269396645	0.3148292361990048
H_haemolyticus_str_M19345_id_GCA_003351405_1	22	22	Bacteria	Proteobacteria	Gammaproteobacteria	Enterobacterales	Pasteurellaceae	None	None	0.2971999740700832	0.27198601379272663	1.987921479055028	1.1357076816127059	4.141705646763369	0.0	0.34210061838330147	0.0	0.01763282168310966	3.9324276976788037	0.29473697410350186	0.0	6.036610051649626	0.18869829873001073
H_haemolyticus_str_2019_19_id_GCA_019973675_1	22	22	Bacteria	Proteobacteria	Gammaproteobacteria	Enterobacterales	Pasteurellaceae	None	None	0.11896817261510707	0.1843412966343588	0.5573246992891501	0.3314840973307004	5.958217382120124	0.0	0.5976201774598997	0.0	0.12657167447535872	5.020352894387759	0.3282262248652179	0.0	10.760268101483218	0.05887820706168417
H_haemolyticus_str_M19107_id_GCA_000222005_2	22	22	Bacteria	Proteobacteria	Gammaproteobacteria	Enterobacterales	Pasteurellaceae	None	None	0.493078566807114	0.4706308717074468	0.5644234135498588	0.3794464297634031	2.665957077017306	0.0	0.37055708796350934	0.0	0.062380566077591064	3.63019574984433	0.37755746759338593	0.0	6.360619334116623	0.0457023457023457
H_haemolyticus_str_M19501_id_GCA_000222025_2	26	26	Bacteria	Proteobacteria	Gammaproteobacteria	Enterobacterales	Pasteurellaceae	None	None	0.2748292072545474	0.530157297528432	0.5088049204179902	0.31007568437576705	2.40751981845504	0.0	0.2994699959975582	0.0015427173103521653	0.16325595153621017	2.6024866740519985	0.6025402319172316	0.01170940170940171	4.723695039112079	0.033060913162630975
H_haemolyticus_str_M21127_id_GCA_000222045_2	23	12	Bacteria	Proteobacteria	Gammaproteobacteria	Enterobacterales	Pasteurellaceae	Haemophilus	None	0.8562158778568533	8.218577291962012	2.031141979957839	0.2685441315692485	8.270911925025688	0.0	1.0315924186257717	0.007385730211817169	0.08844491388421191	10.669089053551527	1.2298802936232323	0.033018273471959673	10.037078773715406	0.16321499185246646
H_haemolyticus_str_M21621_id_GCA_000222065_2	22	22	Bacteria	Proteobacteria	Gammaproteobacteria	Enterobacterales	Pasteurellaceae	None	None	0.22937504989555257	0.8574375043555896	1.2565347707221974	0.2546354389871948	6.490279442360378	0.0	0.32176751450432395	0.0	0.16717353498205786	32.53347973584948	0.40697188563362646	0.012002042900919304	8.453888112384913	0.13382265703348872
H_influenzae_str_M10489_id_GCA_003494325_1	22	13	Bacteria	Proteobacteria	Gammaproteobacteria	Enterobacterales	Pasteurellaceae	Haemophilus	None	0.041787710630994214	0.16929259291746634	0.1866833715522798	0.06304695193752347	1.1364699458338534	0.0	0.027437707374013107	0.0	0.011164274322169059	0.7624524058322056	0.13811965166409623	0.0	2.3502597717293865	0.0
H_influenzae_str_M14666_id_GCA_003494725_1	22	14	Bacteria	Proteobacteria	Gammaproteobacteria	Enterobacterales	Pasteurellaceae	Haemophilus	None	0.05280933181650885	0.025786713286713284	0.1569898998780153	0.08797663574733638	1.0675770086213998	0.0	0.0885016332014902	0.0	0.07017755025502624	1.003483741347426	0.1513844748864306	0.0	2.7240479206299884	0.0
H_influenzae_str_M25147_id_GCA_003496925_1	22	22	Bacteria	Proteobacteria	Gammaproteobacteria	Enterobacterales	Pasteurellaceae	None	None	0.05727238416525826	0.05134731726919836	0.15718142412976105	0.0	1.305347415921313	0.0	0.022334157251388573	0.0	0.0	0.822735504594046	0.050918546655790535	0.0	1.604828165420416	0.024050024050024047
H_influenzae_str_60295_NP_Hi1_id_GCA_004802075_1	22	14	Bacteria	Proteobacteria	Gammaproteobacteria	Enterobacterales	Pasteurellaceae	Haemophilus	None	0.0027548209366391185	0.057152346622640245	0.11942768134536697	0.03708056212653082	1.6537803731580516	0.0	0.053048942637231006	0.0	0.0	0.9683390417680446	0.1727335875983406	0.019907100199071003	2.027379714681143	0.0273000273000273
H_influenzae_str_P608_8895_id_GCA_003415305_1	22	14	Bacteria	Proteobacteria	Gammaproteobacteria	Enterobacterales	Pasteurellaceae	Haemophilus	None	0.04197111299915038	0.10885171261803896	0.12122598764315949	0.1058870688057291	1.5325693789869286	0.0	0.06470774652592834	0.0	0.005750940057509401	1.1673229289944504	0.0977249135342407	0.011423761423761425	2.088395379019734	0.04535623878689572
H_influenzae_str_P677_2580_id_GCA_003414465_1	22	13	Bacteria	Proteobacteria	Gammaproteobacteria	Enterobacterales	Pasteurellaceae	Haemophilus	None	0.0	0.025102722136620445	0.1796098014927446	0.01806114866709258	1.371206378794615	0.0	0.019322437861763703	0.0	0.030110025772040108	0.9013654160609506	0.049112740000422844	0.0	1.9003719389850509	0.039538915961302
H_influenzae_str_P645_8193_id_GCA_003414225_1	22	14	Bacteria	Proteobacteria	Gammaproteobacteria	Enterobacterales	Pasteurellaceae	Haemophilus	None	0.011608623548922057	0.0827354226770751	0.14323894976623028	0.05179221723297172	1.3426712574300679	0.0	0.025765536828225397	0.0	0.008211889891279205	0.8306461848371698	0.05675448685735154	0.0	1.163483184098464	0.01078582434514638
H_influenzae_str_60294_NP_Hi1_id_GCA_004802405_1	22	13	Bacteria	Proteobacteria	Gammaproteobacteria	Enterobacterales	Pasteurellaceae	Haemophilus	None	0.04694332431558709	0.13486765793927458	0.3392326581508755	0.02554966898188549	1.7263445580156798	0.006676938880328711	0.2230145537876573	0.0	0.0	1.0354175568794437	0.07015876997192262	0.0	2.4285371579905366	0.02304827940421161
H_influenzae_str_P603_4482_id_GCA_003415355_2	22	13	Bacteria	Proteobacteria	Gammaproteobacteria	Enterobacterales	Pasteurellaceae	Haemophilus	None	0.005115926884564628	0.011416073648643497	0.2712718964396058	0.05675597810429271	1.2388738633275558	0.0	0.0	0.0	0.0	1.5373811403360316	0.18305933977575767	0.0	1.98616287073824	0.0
H_influenzae_str_60373_BAL_Hi1_id_GCA_004802295_1	22	12	Bacteria	Proteobacteria	Gammaproteobacteria	Enterobacterales	Pasteurellaceae	Haemophilus	None	0.04619088322828033	0.036191607828440685	0.14873373046093022	0.08514722564116996	1.2310095125221165	0.0	0.0	0.0	0.0	0.4912833554824579	0.02710116559987581	0.0	1.9628391615365914	0.013510905230650454
H_influenzae_str_1P16H5_id_GCA_002991295_1	22	22	Bacteria	Proteobacteria	Gammaproteobacteria	Enterobacterales	Pasteurellaceae	None	None	0.025680534155110426	0.17291705838156693	0.12205916850653692	0.06008295047201271	1.1706204031490428	0.0	0.010756419153365719	0.0	0.0	1.947484759292238	0.23693194088760264	0.0	1.8640527994490574	0.0
H_influenzae_str_PN134_id_GCA_013402015_1	22	22	Bacteria	Proteobacteria	Gammaproteobacteria	Enterobacterales	Pasteurellaceae	None	None	0.009822804314329739	0.1788395676527514	0.22881425265994962	0.05099623012473447	3.2117477037904796	0.0	0.01772281774219008	0.0	0.012614180078294911	1.8699674573845024	0.2782166995683742	0.0	3.698569850780883	0.054778554778554776
H_influenzae_str_PTHi_1402_id_GCA_900407805_1	22	14	Bacteria	Proteobacteria	Gammaproteobacteria	Enterobacterales	Pasteurellaceae	Haemophilus	None	0.05314662009655939	0.09936535565357764	0.0	0.1030763527039274	0.8250482830701817	0.0	0.006974506974506974	0.0	0.0	0.5854098948359571	0.23842313995785	0.0	1.7878779033016114	0.0
H_influenzae_str_PTHi_8273_id_GCA_900408165_1	22	15	Bacteria	Proteobacteria	Gammaproteobacteria	Enterobacterales	Pasteurellaceae	Haemophilus	None	0.046948107132160494	0.057429708080210744	0.12269684363735127	0.07607126357126358	0.9194077916689637	0.0	0.06490186298033608	0.0	0.06578167880576996	1.0522169078507784	0.06253797967138089	0.0	1.46541841527236	0.02359601512143885
H_influenzae_str_60370_BAL_Hi2_id_GCA_004802355_1	22	14	Bacteria	Proteobacteria	Gammaproteobacteria	Enterobacterales	Pasteurellaceae	Haemophilus	None	0.004382533252780556	0.09349517398922393	0.1734052414793235	0.013886701982087359	1.0872186387912657	0.0	0.024226685723036087	0.0	0.06819648325912252	0.9148988055465517	0.1003457245779165	0.0	1.9696483791720496	0.03172691469160982
H_influenzae_str_P612_8066_id_GCA_003415255_1	22	14	Bacteria	Proteobacteria	Gammaproteobacteria	Enterobacterales	Pasteurellaceae	Haemophilus	None	0.01674641148325359	0.11693508991253858	0.08681707586817076	0.06932772833187771	1.6062273223085077	0.0	0.07098270565690364	0.0	0.043706293706293704	0.6638577769038301	0.08338386836972385	0.0	1.7980223798152066	0.009009009009009009
H_influenzae_str_1_id_GCA_003203015_1	22	22	Bacteria	Proteobacteria	Gammaproteobacteria	Enterobacterales	Pasteurellaceae	None	None	0.025147742990066644	0.09425392609211633	0.13311705850848884	0.008073435080734352	1.433639359899776	0.0	0.1107889516980426	0.0	0.08144788049094269	1.2516998974046218	0.1842587837212268	0.0	1.8992287071586806	0.0
H_influenzae_str_PTHi_13064_id_GCA_900407625_1	22	13	Bacteria	Proteobacteria	Gammaproteobacteria	Enterobacterales	Pasteurellaceae	Haemophilus	None	0.034641148325358855	0.12398834374374332	0.15913762992368927	0.03868114643976713	1.1003706942271314	0.0	0.03555978174173843	0.0	0.0202020202020202	0.6474466580511389	0.052868970585517074	0.0	1.0662387405170128	0.0
H_influenzae_str_124P40H1_id_GCA_002991045_1	22	22	Bacteria	Proteobacteria	Gammaproteobacteria	Enterobacterales	Pasteurellaceae	None	None	0.0	0.2441849375812459	0.39327389053088185	0.060981420100359625	1.7694153521627227	0.0	0.07161314699206942	0.0	0.0	1.161486264818595	0.07866908386939203	0.0	1.4732548878593257	0.01027221366204417
H_influenzae_str_24_id_GCA_003203275_1	22	14	Bacteria	Proteobacteria	Gammaproteobacteria	Enterobacterales	Pasteurellaceae	Haemophilus	None	0.01892779691287154	0.09701132545547426	0.12084553430441765	0.015096217650962175	0.9442108931840458	0.0	0.05351354461699775	0.0	0.0	0.6752001625104797	0.06605030483688044	0.0	1.786813130892392	0.050030424072311154
H_influenzae_str_WAPHL1_id_GCA_002237715_1	22	22	Bacteria	Proteobacteria	Gammaproteobacteria	Enterobacterales	Pasteurellaceae	None	None	0.0	0.2529693104956718	0.18187801262099362	0.0	0.9920317105544861	0.0	0.04541791526309635	0.0	0.0	1.4149638920864716	0.14299788171778724	0.0	1.5443765111022927	0.0
H_influenzae_str_149P2H1_id_GCA_002991135_1	22	22	Bacteria	Proteobacteria	Gammaproteobacteria	Enterobacterales	Pasteurellaceae	None	None	0.21074988984357787	0.1920252128633224	0.37336683090760575	0.23451256034824078	3.1816196177071068	0.0	0.024050024050024047	0.0	0.0	1.7908440476380123	0.5846682467011461	0.0	2.1607090574156746	0.05342785745328118
H_influenzae_str_HI1408_id_GCA_001184705_1	22	22	Bacteria	Proteobacteria	Gammaproteobacteria	Enterobacterales	Pasteurellaceae	None	None	0.014303274108838976	0.01921263652894409	0.2209903583923505	0.029215977133389283	1.7658593612593656	0.0	0.0	0.0	0.04603547436083321	1.0018797331261249	0.012106713063650864	0.0	1.79335698752643	0.003262552532625525
H_influenzae_str_PTHi_3421_id_GCA_900407925_1	22	13	Bacteria	Proteobacteria	Gammaproteobacteria	Enterobacterales	Pasteurellaceae	Haemophilus	None	0.0	0.06579865147640084	0.14367577371863044	0.048386503407716525	0.6217675591092129	0.0	0.041069711390848536	0.0	0.01557711950970378	0.9426256819070022	0.10908786220091393	0.0	1.4258927586844126	0.009068790090687902
H_influenzae_str_40P92H1_id_GCA_002985345_1	22	13	Bacteria	Proteobacteria	Gammaproteobacteria	Enterobacterales	Pasteurellaceae	Haemophilus	None	0.01760851760851761	0.05950958097904662	0.12181808765792246	0.03254478254478255	1.1653495855774707	0.0	0.05393236989046875	0.0	0.04004329004329004	0.6832527155841736	0.08061118915505061	0.0	2.013417312323467	0.0
H_influenzae_str_839_HINF_id_GCA_001059185_1	22	22	Bacteria	Proteobacteria	Gammaproteobacteria	Enterobacterales	Pasteurellaceae	None	None	0.0775568713524918	0.3974579829352385	3.435385765335354	0.45449299072068877	19.548667530829206	0.0	0.35722355510492226	0.0	0.13821111603528735	20.235236421067643	0.6126014781442691	0.02189672888653542	116.1367285755962	0.7541048138116337
H_influenzae_str_51P4H_id_GCA_002985485_1	22	22	Bacteria	Proteobacteria	Gammaproteobacteria	Enterobacterales	Pasteurellaceae	None	None	0.001549586776859504	0.08327355903726076	0.22118090701248103	0.08816112535529898	1.219743197029313	0.0	0.06836454505946031	0.0	0.0	1.9847541416194903	0.17304655400551502	0.0	2.0572351022552207	0.0
H_influenzae_str_148P4H1_id_GCA_002985005_1	22	13	Bacteria	Proteobacteria	Gammaproteobacteria	Enterobacterales	Pasteurellaceae	Haemophilus	None	0.03780435472881066	0.04136490186231228	0.1984502352149964	0.03040237835487124	0.8918258508901746	0.0	0.010978428351309707	0.0	0.0	0.6951620034602087	0.19689640124353405	0.0	1.6602990826072577	0.0
H_influenzae_str_PTHi_5709_id_GCA_900408095_1	21	21	Bacteria	Proteobacteria	Gammaproteobacteria	Enterobacterales	Pasteurellaceae	None	None	0.006053268765133172	0.1281355524714693	0.10290440733860452	0.05423650238365616	0.8880502422236218	0.0	0.09807522368586044	0.0	0.00015794045644791914	0.9321348702312126	0.1447753927672846	0.0	1.2170337064519066	0.01717302038964788
H_influenzae_str_492_HINF_id_GCA_001076835_1	22	14	Bacteria	Proteobacteria	Gammaproteobacteria	Enterobacterales	Pasteurellaceae	Haemophilus	None	0.04161013116236997	0.11166680101705456	0.2456437925229584	0.1100959784078476	1.0416689255291371	0.0	0.011512948080112257	0.0	0.041130719360384434	0.7973343765638096	0.21924594075909368	0.0	1.51408878634002	0.013647929678464031
H_influenzae_str_RHH_3_id_GCA_015694745_1	22	13	Bacteria	Proteobacteria	Gammaproteobacteria	Enterobacterales	Pasteurellaceae	Haemophilus	None	0.042047111478452075	0.1481191438462553	0.16853870956124484	0.09987586944045157	1.1805953304801518	0.0	0.035547785547785545	0.0	0.015236636023152877	0.7092500129995382	0.03709223381354529	0.0	1.899382620242337	0.0
H_influenzae_str_19P81H1_id_GCA_002985065_1	22	22	Bacteria	Proteobacteria	Gammaproteobacteria	Enterobacterales	Pasteurellaceae	None	None	0.1238969363969364	0.09051268498942917	0.07355138441425035	0.11894135709997022	1.870811880493745	0.0	0.1411769348929765	0.0	0.0	0.6320875762212668	0.4569462227912932	0.02301642377978256	2.340759784626787	0.0032072550320725503
H_influenzae_str_40P44H1_id_GCA_002985305_1	22	13	Bacteria	Proteobacteria	Gammaproteobacteria	Enterobacterales	Pasteurellaceae	Haemophilus	None	0.06084568310845684	0.07103121706956016	0.14622533332033968	0.019866716962152645	0.8531270486584142	0.0	0.1317212460904873	0.0	0.0	0.8171631240278295	0.15221227878995403	0.0	2.4003609549259366	0.0
H_influenzae_str_PTHi_2060_id_GCA_900407905_1	22	14	Bacteria	Proteobacteria	Gammaproteobacteria	Enterobacterales	Pasteurellaceae	Haemophilus	None	0.050695118278850336	0.14028565825195952	0.2384794141002247	0.11578757024799223	1.3079360434145457	0.0	0.05697945141839735	0.0	0.009021745948426415	1.0132874481736402	0.25460897800902466	0.0	2.0252960839766256	0.0
H_influenzae_str_M03842_id_GCA_003491005_1	22	13	Bacteria	Proteobacteria	Gammaproteobacteria	Enterobacterales	Pasteurellaceae	Haemophilus	None	0.035127663034639774	0.03946617343746531	0.123270597074501	0.08580641063129144	1.2102533523205212	0.0	0.10307952278755197	0.0	0.0	0.6963480815916351	0.085988956963955	0.0	1.5972802150770802	0.025786713286713284
H_influenzae_str_P658_8889_id_GCA_003414605_1	22	14	Bacteria	Proteobacteria	Gammaproteobacteria	Enterobacterales	Pasteurellaceae	Haemophilus	None	0.033178500331785	0.04200116670734016	0.21420851071103247	0.10549494801900772	1.6660197636685992	0.0	0.0056179775280898875	0.0	0.0	0.8956759144485726	0.055591361880898686	0.0	2.1067937378911865	0.07536923286923286
H_influenzae_str_P596_8591_id_GCA_003415525_1	22	14	Bacteria	Proteobacteria	Gammaproteobacteria	Enterobacterales	Pasteurellaceae	Haemophilus	None	0.045533515682769414	0.04096222364949264	0.2752982507480606	0.0484360280107168	1.1070149547751853	0.0	0.10350026604721375	0.0	0.0	0.8984601864099591	0.13075021842006487	0.0	1.7498692130684703	0.017272727272727273
H_influenzae_str_841_HINF_id_GCA_001058575_1	22	14	Bacteria	Proteobacteria	Gammaproteobacteria	Enterobacterales	Pasteurellaceae	Haemophilus	None	1.833672761402076	1.6862066541906342	1.8336365749039407	1.6216857789971277	0.1866887480114321	0.041009107257917156	0.04841540112712109	0.014637904468412942	19.57433885176358	9.5057485650221	8.069913318714098	0.007118950701040253	1.1027123785391397	0.0
H_influenzae_str_159_HINF_id_GCA_001055565_1	22	15	Bacteria	Proteobacteria	Gammaproteobacteria	Enterobacterales	Pasteurellaceae	Haemophilus	None	8.302616898210989	4.310602225609288	5.2129370582331935	5.59737739581974	0.06183818803784929	0.0008801710046523325	0.4257992802766902	0.0	1.0822229752571995	2.706815416563731	15.200556768205068	0.08536388689060445	3.727442109560243	0.0
H_influenzae_str_AS1_id_GCA_021391215_1	22	14	Bacteria	Proteobacteria	Gammaproteobacteria	Enterobacterales	Pasteurellaceae	Haemophilus	None	0.05885855652702551	0.040190209132346694	0.14150444138529522	0.07163497225876171	0.9634314214142745	0.0	0.09046247348609861	0.0	0.0	0.6753067329072281	0.18117850729050675	0.0	1.8499441205134604	0.0
H_influenzae_str_39P18H1_id_GCA_002990315_1	22	22	Bacteria	Proteobacteria	Gammaproteobacteria	Enterobacterales	Pasteurellaceae	None	None	0.007394519356241844	0.2661333678643317	0.22225167809380883	0.05680595299239367	1.5208116694363853	0.0	0.04423800044238001	0.0	0.007539509931854429	1.1851693497737956	0.1945724808744032	0.0	2.2172995384907828	0.03207686341657633
H_influenzae_str_39P25H_id_GCA_002991365_1	22	22	Bacteria	Proteobacteria	Gammaproteobacteria	Enterobacterales	Pasteurellaceae	None	None	0.051660951184548436	0.17351253701539773	0.20265920760248263	0.048540142943107226	1.2012594191296246	0.0	0.022366522366522364	0.0	0.0	1.1309453580689117	0.0402418682235196	0.011042629686697484	2.1934661544670075	0.07513064579451166
H_influenzae_str_AS012764_id_GCA_010604085_1	22	14	Bacteria	Proteobacteria	Gammaproteobacteria	Enterobacterales	Pasteurellaceae	Haemophilus	None	0.048583474562983536	0.09859621905793108	0.2519144886776601	0.05001406782338733	1.3115863286491123	0.0	0.0652892026208504	0.0	0.0073873058947685815	0.6427243930427193	0.09485361337052484	0.0	1.5723555856999412	0.03601585744254868
H_influenzae_str_12P37H2_id_GCA_002984945_1	22	13	Bacteria	Proteobacteria	Gammaproteobacteria	Enterobacterales	Pasteurellaceae	Haemophilus	None	0.006312443533273689	0.10976680204103338	0.12358780319223653	0.06301516465733359	1.1485952096894307	0.0	0.011630831132905821	0.0	0.0	0.6803325208679986	0.09773280644493045	0.0	1.2003540497278768	0.0
H_influenzae_str_NCTC8143_id_GCA_001457655_1	22	22	Bacteria	Proteobacteria	Gammaproteobacteria	Enterobacterales	Pasteurellaceae	None	None	0.03919121383236216	0.12189446641437707	0.11654308571197426	0.04378192894939306	1.00700935059868	0.0	0.04643297468512253	0.0	0.013991590546614469	0.6456502173582738	0.1060315021129466	0.0	1.9671366765861458	0.01603677333604341
H_influenzae_str_NCTC11931_id_GCA_900475535_1	22	22	Bacteria	Proteobacteria	Gammaproteobacteria	Enterobacterales	Pasteurellaceae	None	None	0.018043505595372815	0.0965270684371808	0.07807807807807808	0.003487606541041655	0.860707638255343	0.0	0.07713145461556627	0.0	0.0	1.2596249816496714	0.02183871365350164	0.0	1.6435420862039931	0.002377792523777925
H_influenzae_str_CHBN_IV_1_id_GCA_019703735_1	22	13	Bacteria	Proteobacteria	Gammaproteobacteria	Enterobacterales	Pasteurellaceae	Haemophilus	None	0.0	0.06221780873406621	0.27802643763459917	0.03617125612976236	0.8384661166477202	0.0	0.02777777777777778	0.0	0.0	1.0202223874933067	0.1316991624195014	0.0	2.2453810314891203	0.005307855626326964
H_influenzae_str_M21384_id_GCA_003351425_1	21	21	Bacteria	Proteobacteria	Gammaproteobacteria	Enterobacterales	Pasteurellaceae	None	None	0.07167550591775054	0.14248633659804144	0.2303022921915056	0.05207388531363827	1.0698488417547996	0.0	0.0	0.0	0.0	1.4548468807903592	0.15345003819201233	0.0	1.8801159529640803	0.0
H_influenzae_str_22_4_21_id_GCA_000169855_1	24	14	Bacteria	Proteobacteria	Gammaproteobacteria	Enterobacterales	Pasteurellaceae	Haemophilus	None	0.021666666666666667	0.1769571044401931	0.12219810337100624	0.1132304936579247	1.476379737231798	0.0	0.00423728813559322	0.0	0.026539278131634817	1.2799962550955257	0.0680277050911261	0.0	2.3787611919098492	0.019508057675996608
H_influenzae_str_F3039_id_GCA_005888205_1	22	14	Bacteria	Proteobacteria	Gammaproteobacteria	Enterobacterales	Pasteurellaceae	Haemophilus	None	0.037870582725951896	0.027258228215166012	0.3316732614532462	0.06605865529853527	0.6425949327011931	0.0	0.024615033167185454	0.0	0.0005529750055297501	0.5917123251155659	0.24370767098365997	0.02622377622377622	1.2022513892178999	0.025786713286713284
H_influenzae_str_CGSHiCZ412602_id_GCA_000698365_1	22	22	Bacteria	Proteobacteria	Gammaproteobacteria	Enterobacterales	Pasteurellaceae	None	None	0.0	0.05498948695430562	0.12069838898641977	0.122713930789152	0.8946030659512307	0.0	0.0303030303030303	0.0	0.0	0.7441167582720464	0.0910498743331304	0.0	1.9458964527305758	0.0
H_influenzae_str_PittHH_id_GCA_000169815_1	23	14	Bacteria	Proteobacteria	Gammaproteobacteria	Enterobacterales	Pasteurellaceae	Haemophilus	None	0.0	0.06364660338175068	0.299772574723883	0.02181876748003428	1.576577705394429	0.0	0.048230952904072553	0.0	0.0	1.0745038524810369	0.09166533295686236	0.0	2.463944312174361	0.0
H_massiliensis_str_NA_id_GCA_000752475_1	22	15	Bacteria	Proteobacteria	Gammaproteobacteria	Enterobacterales	Pasteurellaceae	Necropsobacter	Necropsobacter massiliensis	0.0	0.0	0.0	0.0	0.0	0.0	0.0	0.0	0.0	0.002768065268065268	0.0	0.0	0.0	0.0
H_parahaemolyticus_str_NCTC10794_id_GCA_900450875_1	22	22	Bacteria	Proteobacteria	Gammaproteobacteria	Enterobacterales	Pasteurellaceae	None	None	0.013403263403263404	0.0	0.009615384615384616	0.0	0.00641025641025641	0.0	0.0	0.0	0.2785535663123266	0.0	1.0507201577186456	0.0	0.07871123038320492	0.0
H_parahaemolyticus_str_C2006000788_id_GCA_003252925_1	22	8	Bacteria	Proteobacteria	Gammaproteobacteria	Enterobacterales	Pasteurellaceae	Haemophilus	Haemophilus parahaemolyticus	0.0	0.0	0.007867132867132866	0.0	0.0	0.0	0.0	0.0	0.6909506538918243	0.0	2.2350202867689473	0.0	0.23437725795699407	0.0
H_parahaemolyticus_str_C2010039593_id_GCA_003253075_1	22	22	Bacteria	Proteobacteria	Gammaproteobacteria	Enterobacterales	Pasteurellaceae	None	None	0.0	0.0	0.0	0.0	0.0	0.0	0.0	0.0	0.388790283642324	0.008096229470275272	0.8931630097560664	0.0	0.19793028227091514	0.0
H_parahaemolyticus_str_G321_id_GCA_000826045_1	22	22	Bacteria	Proteobacteria	Gammaproteobacteria	Enterobacterales	Pasteurellaceae	None	None	0.0	0.0	0.01311188811188811	0.018648018648018648	0.0	0.0	0.0	0.0	0.5019241859517837	0.0	0.8466324850236622	0.0	0.02156177156177156	0.0
H_parahaemolyticus_str_NCTC_8479_id_GCA_900450675_1	22	10	Bacteria	Proteobacteria	Gammaproteobacteria	Enterobacterales	Pasteurellaceae	Haemophilus	Haemophilus parahaemolyticus	0.0	0.008012820512820514	0.0	0.0	0.0	0.0	0.0	0.0	0.38793162482110405	0.0	1.7232783772910134	0.0	0.35972401165817797	0.017389807162534434
H_parainfluenzae_str_C2004002727_id_GCA_003252885_1	22	14	Bacteria	Proteobacteria	Gammaproteobacteria	Enterobacterales	Pasteurellaceae	Haemophilus	None	2.1899753317239776	1.4930343767483043	1.964002309187345	1.8764766899238199	0.1301609435103324	0.0	0.1486848379679382	0.0	1.5884949269628528	4.265697483698798	5.643443736099369	0.0	1.713607913457632	0.0
H_parainfluenzae_str_C2005004058_id_GCA_003252915_1	22	15	Bacteria	Proteobacteria	Gammaproteobacteria	Enterobacterales	Pasteurellaceae	Haemophilus	None	2.071285818619311	1.390838319148949	2.1162875041750286	1.7400085211206002	0.1979392838623326	0.009090909090909092	0.0799296859480492	0.000273000273000273	1.8584779906097602	2.7762693260671525	7.194291692908112	0.0	2.181427524246239	0.0
H_parainfluenzae_str_C2004002729_id_GCA_003252795_1	22	14	Bacteria	Proteobacteria	Gammaproteobacteria	Enterobacterales	Pasteurellaceae	Haemophilus	None	1.984754183995205	1.3417478827626874	5.994297732146558	4.053673683576785	0.09518500324507467	0.0	0.03908277969941698	0.005155287312963662	2.0304987529746543	2.61957142031246	6.404299332503296	0.007633587786259542	1.5699431569468276	0.00046264168401572987
H_parainfluenzae_str_60884_B_Hi_2_id_GCA_001949895_1	22	14	Bacteria	Proteobacteria	Gammaproteobacteria	Enterobacterales	Pasteurellaceae	Haemophilus	None	7.857419036151145	3.779491494307972	7.140887985303791	6.539019079254061	0.021227127255839737	0.0	0.25539783490535517	0.0	0.7470002728701826	3.221096242935397	23.09594250560358	0.07294853294853296	4.8258113084436305	0.0
H_parainfluenzae_str_UMB0748_id_GCA_002884755_1	22	14	Bacteria	Proteobacteria	Gammaproteobacteria	Enterobacterales	Pasteurellaceae	Haemophilus	None	2.258355741323523	1.3550777141859898	2.4406896720404094	1.4115052637045467	0.015072986156647022	0.00517075517075517	0.07744985421763442	0.0	2.3064005688093636	2.2550773554703984	5.658338004468012	0.008552152291660066	1.4401572933588795	0.0
H_parainfluenzae_str_ATCC_9796_id_GCA_001680775_1	22	14	Bacteria	Proteobacteria	Gammaproteobacteria	Enterobacterales	Pasteurellaceae	Haemophilus	None	2.150769969540752	1.750525521787974	2.3122801419289245	1.4849697131196393	0.06357684980480095	0.036823406822895345	0.0061254288782378674	0.0	2.808958034336788	3.1250346898771606	10.058397338487062	0.0	1.4642736997276855	0.0
H_parainfluenzae_str_C2006002596_id_GCA_003252755_1	22	15	Bacteria	Proteobacteria	Gammaproteobacteria	Enterobacterales	Pasteurellaceae	Haemophilus	None	2.1406845261580236	1.747025285490273	2.341695661017565	1.5562457938418357	0.02607392607392607	0.03927422162814891	0.07388426104262968	0.02505050505050505	15.559262814615638	7.255310386273905	5.188903141625979	0.008346173600410888	1.101632544164997	0.0
H_parainfluenzae_str_65114_B_Hi_3_id_GCA_001949885_1	22	14	Bacteria	Proteobacteria	Gammaproteobacteria	Enterobacterales	Pasteurellaceae	Haemophilus	None	9.063368139211398	6.28484323743769	9.539369604094134	7.020378700439422	0.003146853146853147	0.0009252833680314597	0.41100369904549044	0.024770526845215638	0.6926887519925594	2.976270756340934	22.835107158292754	0.22014462772619103	2.517465039278501	0.0
H_parainfluenzae_str_Haemophilus_parainfluenzae_BgEED17_id_GCA_901873375_1	22	14	Bacteria	Proteobacteria	Gammaproteobacteria	Enterobacterales	Pasteurellaceae	Haemophilus	None	15.490367898265891	3.4681717671016004	5.81210843356367	2.838405814490054	0.060533565318254316	0.0	0.17931112420631676	0.0	1.93649943022912	3.4014318249641575	12.729709565990918	0.2565037158674767	12.218730249269042	0.0
H_parainfluenzae_str_209_HPAR_id_GCA_001055885_1	22	14	Bacteria	Proteobacteria	Gammaproteobacteria	Enterobacterales	Pasteurellaceae	Haemophilus	None	2.0381788876068843	1.4185405438903835	2.9776817984939994	1.771787450808066	0.08166655608063442	0.0473002476426408	0.0724700933286224	0.024104683195592284	1.4650469443365524	3.5468578796111063	6.431495857388446	0.0	1.5133418629494955	0.004095004095004095
H_parainfluenzae_str_C2004000280_id_GCA_003252725_1	22	14	Bacteria	Proteobacteria	Gammaproteobacteria	Enterobacterales	Pasteurellaceae	Haemophilus	None	2.60267458576382	1.8655019108326343	2.753442452363517	1.9839743805200223	0.0828042312279056	0.0	0.09311902126530645	0.0	1.2245068899880918	3.0466382610099583	8.31384554766025	0.0	3.3452009773321665	0.0
H_parainfluenzae_str_CCUG_58848_id_GCA_001679405_1	22	15	Bacteria	Proteobacteria	Gammaproteobacteria	Enterobacterales	Pasteurellaceae	Haemophilus	None	1.6884343192108924	1.329744791639449	1.5701132591369864	1.261908308980244	0.04889154516020188	0.022581585081585084	0.018890266504770322	0.03170040098543992	2.774407145354531	3.0978658883307038	6.101043848981507	0.011929732809975295	1.6962884833775482	0.0
H_parainfluenzae_str_M1C111_2_id_GCA_014982385_1	22	14	Bacteria	Proteobacteria	Gammaproteobacteria	Enterobacterales	Pasteurellaceae	Haemophilus	None	2.117651414709662	1.3517870948325188	2.4550434802994467	1.522208069569398	0.16266936736949938	0.0	0.07999382626254567	0.021935312323268317	2.223386347264895	2.9312287745318595	6.948793313871559	0.00833547548876016	2.226000425305625	0.0
H_parainfluenzae_str_432_HPAR_id_GCA_001055095_1	22	14	Bacteria	Proteobacteria	Gammaproteobacteria	Enterobacterales	Pasteurellaceae	Haemophilus	None	2.1913709467822464	1.2998051490328097	2.672480568841831	1.650550372650905	0.03852080123266564	0.0191991624195014	0.09015077507373163	0.032335431332810846	1.6801326378391155	3.375625694509213	5.683148359401994	0.0	1.454500145914402	0.0
H_parainfluenzae_str_146_HPAR_id_GCA_001053575_1	22	14	Bacteria	Proteobacteria	Gammaproteobacteria	Enterobacterales	Pasteurellaceae	Haemophilus	None	2.0397162228099472	1.483752083104151	2.45318717159145	1.3135654703770212	0.0	0.0	0.05963701071277167	0.0	2.151462411459674	2.8539412041778873	6.434131710265981	0.009816989315561199	1.5942783170490644	0.0
H_parainfluenzae_str_M1C116_1_id_GCA_014982375_1	22	15	Bacteria	Proteobacteria	Gammaproteobacteria	Enterobacterales	Pasteurellaceae	Haemophilus	None	2.011820896667985	1.358164874482401	2.306380772206735	1.4865915444807383	0.02181566704388281	0.01037344398340249	0.17510236221547817	0.014549623126265461	2.0301914177898266	3.178419463551917	7.644818333002887	0.038163506844420624	2.3381379144204124	0.0
H_parainfluenzae_str_C2008001710_id_GCA_003252775_1	22	14	Bacteria	Proteobacteria	Gammaproteobacteria	Enterobacterales	Pasteurellaceae	Haemophilus	None	3.3006100366816935	2.1098812418733752	2.958358386312774	2.0554989625482274	0.07215643545358606	0.0	0.16360409097886963	0.0	1.6559419981729677	8.283107347134264	11.299725921580748	0.0	2.77258510468404	0.0
H_parainfluenzae_str_LC_1315_18_id_GCA_008868695_1	23	16	Bacteria	Proteobacteria	Gammaproteobacteria	Enterobacterales	Pasteurellaceae	Haemophilus	None	1.9986749519768297	1.384710214604273	1.761926639286726	1.2470967911999755	0.022314239705544053	0.0	0.054814655768907095	0.0	0.15287628312876772	1.3941208500021538	6.136002777905958	0.03944664031620553	1.8377785956421617	0.0
H_parainfluenzae_str_488_HPAR_id_GCA_001057005_1	22	14	Bacteria	Proteobacteria	Gammaproteobacteria	Enterobacterales	Pasteurellaceae	Haemophilus	None	1.2430440143937274	1.237897011312552	1.7690492968964586	1.773839003834489	0.016130706276691678	0.0273000273000273	0.0630381407562648	0.01878908128908129	2.00837302024516	2.695487512601098	5.853082310532603	0.0	1.894778421708036	0.0
H_parainfluenzae_str_137_HINF_id_GCA_001053535_1	22	15	Bacteria	Proteobacteria	Gammaproteobacteria	Enterobacterales	Pasteurellaceae	Haemophilus	None	2.2979423981926725	1.7233909499645812	2.2161364035559896	1.652630582555946	0.2638556383589228	0.03468276515151515	0.12108522665200437	0.04	3.5581566347458136	3.5240831775189587	9.315721085938959	0.03817016317016317	2.1002895125749066	0.0
H_parainfluenzae_str_1128_HPAR_id_GCA_001053915_1	22	14	Bacteria	Proteobacteria	Gammaproteobacteria	Enterobacterales	Pasteurellaceae	Haemophilus	None	7.569379631268626	3.6107799258467277	5.722512848006298	4.03825522244366	0.779302517561172	0.10630006743974892	0.434220789419005	0.017109295199182837	0.7118838853546751	4.775324277304682	16.395539239318097	0.12324247063053032	4.034390445980367	0.0
H_parainfluenzae_str_155_HPAR_id_GCA_001054475_1	22	15	Bacteria	Proteobacteria	Gammaproteobacteria	Enterobacterales	Pasteurellaceae	Haemophilus	None	6.680583739615088	3.914641080200944	5.709313858570295	4.50754883004605	0.009363295880149813	0.02769319994200377	0.35981535205968485	0.0005107252298263534	0.7254471402435659	2.8950555926235046	13.525111562323515	0.06912878787878787	4.195081136135536	0.0
H_parainfluenzae_str_1209_HPAR_id_GCA_001053035_1	22	17	Bacteria	Proteobacteria	Gammaproteobacteria	Enterobacterales	Pasteurellaceae	Haemophilus	None	2.029373389359813	1.2830193048241785	2.0351545611018307	1.5007982766509136	0.04990767453652522	0.0	0.035661615849200905	0.019656019656019656	0.5169655081373461	1.9508411320809662	4.936000332879443	0.01189175407925408	2.0881071070050585	0.0
H_parainfluenzae_str_901_HPAR_id_GCA_001059815_1	22	14	Bacteria	Proteobacteria	Gammaproteobacteria	Enterobacterales	Pasteurellaceae	Haemophilus	None	3.689941395595895	2.188238607536647	2.479486772884981	1.4588842362861383	0.0	0.008927448761473658	0.1032283297077088	0.0120698510529019	8.455159638045133	5.897863428620638	7.947291665109932	0.025525525525525526	1.3884679253039496	0.0
H_parainfluenzae_str_COPD_014_E1_O_id_GCA_009914785_1	22	14	Bacteria	Proteobacteria	Gammaproteobacteria	Enterobacterales	Pasteurellaceae	Haemophilus	None	1.5946898706823582	1.2448561847051154	2.3069351053004525	1.3432402882172452	0.04461685012007573	0.0	0.07443358295144518	0.0	1.583879717651928	2.2644564587960905	7.266722869045011	0.02130681818181818	1.350821643491373	0.0028998115122517033
H_parainfluenzae_str_NCTC10672_id_GCA_900450995_1	22	14	Bacteria	Proteobacteria	Gammaproteobacteria	Enterobacterales	Pasteurellaceae	Haemophilus	None	11.949272006335361	9.188208374406285	6.939302805717289	5.273826259784886	0.0188655355786275	0.0	0.910256202663578	0.0	2.0064408712007693	3.9887390976454267	22.917872357656965	0.0	2.4094566296061064	0.003552269102508337
H_parainfluenzae_str_M1C137_2_id_GCA_014931395_1	22	14	Bacteria	Proteobacteria	Gammaproteobacteria	Enterobacterales	Pasteurellaceae	Haemophilus	None	1.75496213310132	1.2390593955424904	2.988963045856165	1.5389230440813415	0.02375102375102375	0.010510510510510511	0.1483132562152124	0.016768811712631938	1.4310080451221614	2.9602310028893895	6.649501318618641	0.0	1.4764981667227146	0.0
H_parainfluenzae_str_M27794_id_GCA_003390455_1	22	14	Bacteria	Proteobacteria	Gammaproteobacteria	Enterobacterales	Pasteurellaceae	Haemophilus	None	2.2313363968176407	1.1809073110502253	1.6535354648473761	1.3046702683552507	0.10519965837257073	0.03696761577717366	0.06219932650270823	0.0	2.140377538940655	2.3049269730345636	5.870359294060491	0.0	1.1242366951901048	0.001281471430725162
H_parainfluenzae_str_NCTC10665_id_GCA_900638025_1	22	9	Bacteria	Proteobacteria	Gammaproteobacteria	Enterobacterales	Pasteurellaceae	Haemophilus	Haemophilus parainfluenzae	1.3689406526448304	1.0691531294077163	1.6223262886246568	0.8432493363243899	0.16090998686255908	0.004449254449254449	0.0	0.0	0.29040526377130604	1.7134215204110281	3.746883730253593	0.0	1.5896189337365643	0.0
H_parainfluenzae_str_M1C152_1_id_GCA_014931295_1	22	15	Bacteria	Proteobacteria	Gammaproteobacteria	Enterobacterales	Pasteurellaceae	Haemophilus	None	2.8793253440342452	2.234383152861859	2.575942113917899	1.6740756103275591	0.03841910773493735	0.0	0.21215660139605774	0.04184704184704185	1.1720921855441846	4.3301562230121595	9.498292960960429	0.02292490118577075	3.875292730680051	0.0
H_parainfluenzae_str_M1C160_1_id_GCA_014931275_1	22	15	Bacteria	Proteobacteria	Gammaproteobacteria	Enterobacterales	Pasteurellaceae	Haemophilus	None	2.913493113007607	1.3810248921300534	1.7672433401527774	1.2627009117566028	0.05239993384804988	0.00546000546000546	0.05156779416469466	0.0	1.5279507854267314	2.811675018208643	7.014187292601147	0.0	2.9907680656302205	0.0
H_parainfluenzae_str_M1C149_1_id_GCA_014931315_1	22	14	Bacteria	Proteobacteria	Gammaproteobacteria	Enterobacterales	Pasteurellaceae	Haemophilus	None	2.313812661102122	1.2814318094226975	1.8528965728781548	1.66474809937431	0.05496884053856388	0.01515151515151515	0.03643298278024028	0.0	2.65281115520106	2.3422545573902145	7.248107164781673	0.0	1.6513363467462308	0.0
H_parainfluenzae_str_M1C120_2_id_GCA_014931455_1	22	14	Bacteria	Proteobacteria	Gammaproteobacteria	Enterobacterales	Pasteurellaceae	Haemophilus	None	2.1898267005527217	1.4304896679740293	1.9321663849127397	1.5978397918985257	0.03148471898471899	0.04919268266725894	0.058555466547868654	0.05195152200999051	1.467814811765394	2.2591329295922637	6.285550375716595	0.02302026694662058	1.4895576887560211	0.0
H_parainfluenzae_str_M1C130_2_id_GCA_014931415_1	22	14	Bacteria	Proteobacteria	Gammaproteobacteria	Enterobacterales	Pasteurellaceae	Haemophilus	None	1.748120772936809	1.5810740962999132	2.898982159503848	1.7951509227263913	0.056958702392864644	0.07104371617083481	0.06257311798449723	0.0	1.569172663122442	3.3888017782289364	6.725610564530112	0.004689754689754689	1.6725111140911684	0.0
H_parainfluenzae_str_M1C125_4_id_GCA_014931435_1	22	14	Bacteria	Proteobacteria	Gammaproteobacteria	Enterobacterales	Pasteurellaceae	Haemophilus	None	2.164766661749273	1.7891610469999504	2.7589608707784454	2.1694387575538707	0.014052107209203087	0.010052447552447552	0.0409285557725588	0.0	2.2911294496434764	3.3642851561939042	7.105146300707329	0.0032345931222335714	1.8453020812978431	0.03443526170798898
H_parainfluenzae_str_M1C146_1_id_GCA_014931355_1	22	14	Bacteria	Proteobacteria	Gammaproteobacteria	Enterobacterales	Pasteurellaceae	Haemophilus	None	2.8410596810612336	1.7761785885738377	3.133400096057116	2.3755575551738732	0.01484999246193276	0.022022022022022022	0.09656232921783162	0.008950739246810764	2.18544968199887	2.9618911923697833	8.220773321387368	0.011170095111700952	3.0928978926909196	0.015513991590546615
H_parainfluenzae_str_M1C113_1_id_GCA_014931475_1	22	15	Bacteria	Proteobacteria	Gammaproteobacteria	Enterobacterales	Pasteurellaceae	Haemophilus	None	2.600955427213542	1.6125676101153454	2.533692380619059	1.6316871305716558	0.0263882847614905	0.02496556473829201	0.045635529340094766	0.018465909090909092	1.417890743884094	3.9196331196049528	7.656195167643762	0.0	2.185958897646862	0.0
H_parainfluenzae_str_M1C142_1_id_GCA_014931375_1	22	14	Bacteria	Proteobacteria	Gammaproteobacteria	Enterobacterales	Pasteurellaceae	Haemophilus	None	2.1363238960294977	1.1727798196775567	1.9001634815691733	1.54668331981375	0.12140695388759512	0.013221385832850801	0.08023725713042577	0.0	1.6833722101035022	2.9189646163120413	5.968489129911304	0.0	1.5472667940016835	0.0
H_parainfluenzae_str_M1C147_1_id_GCA_014931335_1	22	14	Bacteria	Proteobacteria	Gammaproteobacteria	Enterobacterales	Pasteurellaceae	Haemophilus	None	1.4937000823879913	1.35178273957856	2.3096167632393634	1.304320905414385	0.0653337952194784	0.04333883720443743	0.004784927930995347	0.0	1.9688256402017026	2.5748853534226295	5.098984327663074	0.0183982683982684	1.132470510716169	0.0
H_parainfluenzae_str_NCTC_7857_id_GCA_900450845_1	22	14	Bacteria	Proteobacteria	Gammaproteobacteria	Enterobacterales	Pasteurellaceae	Haemophilus	None	2.1850948241142567	1.3147898444336612	2.53083842719065	1.5701070724405157	0.0360771091874931	0.0	0.11001054302853927	0.00944055944055944	1.492203646425059	2.7460922733080806	6.06192745525253	0.0036496350364963502	2.0732016793483314	0.005532503457814661
H_parainfluenzae_str_HK262_id_GCA_000259485_1	22	14	Bacteria	Proteobacteria	Gammaproteobacteria	Enterobacterales	Pasteurellaceae	Haemophilus	None	1.9476334548542125	0.9830990099736714	2.232107134745305	1.2058321050922627	0.19562651064070982	0.020349480203494804	0.028594362203283888	0.006264568764568765	1.9138909347289224	2.073277932331558	5.322730641766039	0.007575757575757575	1.6121147177009951	0.0404040404040404
H_parainfluenzae_str_T3T1_id_GCA_000210895_1	22	14	Bacteria	Proteobacteria	Gammaproteobacteria	Enterobacterales	Pasteurellaceae	Haemophilus	None	3.054932724953393	2.334743133775981	2.627399150675318	2.495821765368513	0.16365996429210203	0.0	0.25993500503950595	0.0	2.0148808370068485	3.6980198781139815	9.225207940781841	0.01891174518911745	2.5405937406647996	0.017896597915165367
H_paraphrohaemolyticus_str_NCTC10671_id_GCA_900451065_1	22	9	Bacteria	Proteobacteria	Gammaproteobacteria	Enterobacterales	Pasteurellaceae	Haemophilus	Haemophilus paraphrohaemolyticus	0.01587995337995338	0.0	0.013257575757575758	0.0	0.0	0.0	0.0	0.0	1.5724110020990671	0.00391628145865434	30.117015189216882	0.0	0.0	0.0
H_paraphrohaemolyticus_str_C2014016342_id_GCA_003253115_1	22	22	Bacteria	Proteobacteria	Gammaproteobacteria	Enterobacterales	Pasteurellaceae	None	None	0.0	0.0	0.0	0.005973193473193473	0.01282051282051282	0.0	0.0	0.0	0.49887475337771486	0.0	5.744420188012308	0.0	0.0	0.0
H_pittmaniae_str_NCTC13334_id_GCA_900186995_1	22	11	Bacteria	Proteobacteria	Gammaproteobacteria	Enterobacterales	Pasteurellaceae	Haemophilus	Haemophilus pittmaniae	0.878663985822907	0.555229092895112	0.3564227019565242	0.5157381417037746	0.08190415578035327	0.0	0.0	0.018564018564018566	0.47296985793433904	1.0260489768345407	2.957824040221445	0.0	0.222336522947248	0.0
H_seminalis_str_SZY_H1_id_GCA_006384255_1	22	22	Bacteria	Proteobacteria	Gammaproteobacteria	Enterobacterales	Pasteurellaceae	None	None	0.11134407855848152	0.41635296380714043	0.8881677294489698	1.093899062959119	6.838555973662108	0.006060606060606061	0.31735997011616446	0.0	0.1810840205112292	4.251165094252255	0.3360515247455293	0.0	8.640598467340773	0.07095231249179491
H_sp_str_C1_id_GCA_001276515_1	22	14	Bacteria	Proteobacteria	Gammaproteobacteria	Enterobacterales	Pasteurellaceae	Haemophilus	None	0.17395852754357571	0.3461487815890286	0.7570713105556355	0.17418630458693374	1.3783869471475794	0.00897510133178923	0.09319646716536562	0.0	0.16622447983745203	1.7350875986795329	0.7478093487092857	0.0	3.2016540337331407	0.03422141215279605
H_sp_str_CCUG_60358_id_GCA_001679485_1	22	15	Bacteria	Proteobacteria	Gammaproteobacteria	Enterobacterales	Pasteurellaceae	Haemophilus	None	3.2186458342879636	2.176338770476686	3.9344433281199795	2.1678680464931896	0.05394731432009158	0.032885674931129476	0.11399000369169919	0.0	1.1606528130741856	23.232525670613843	10.759491697452278	0.03207859848484848	2.7161473136643206	0.0
H_sp_HMT_036_str_ccug_66565_id_GCA_001679495_1	22	12	Bacteria	Proteobacteria	Gammaproteobacteria	Enterobacterales	Pasteurellaceae	Haemophilus	None	0.151130019893782	0.5750032390181543	1.1550193089313003	0.32534083650742585	82.36288985740674	0.0033384694401643556	0.2509612398464772	0.0	0.011744236624619401	6.019796840068469	0.324518486964891	0.0	16.12169031067232	0.486584854778008
H_sp_str_HMSC061E01_id_GCA_001810345_1	22	14	Bacteria	Proteobacteria	Gammaproteobacteria	Enterobacterales	Pasteurellaceae	Haemophilus	None	2.601362313261053	2.1410647259998155	2.623147052292232	2.14595428350952	0.08287411977606297	0.0	0.1419672582191727	0.0	1.201484310067463	3.7997706432382246	8.050697307616975	0.042160812868343917	2.509329493991554	0.0
H_sp_str_HMSC066D03_id_GCA_001811025_1	22	14	Bacteria	Proteobacteria	Gammaproteobacteria	Enterobacterales	Pasteurellaceae	Haemophilus	None	3.112894888968255	2.1604625453420487	3.233144352829376	2.6228598538802723	0.037084127993218904	0.0	0.03669918435039433	0.0	1.2717665036704753	3.107435730369522	9.33698996932126	0.001483365119728756	2.3934888176514053	0.031508264462809916
H_sp_str_HMSC068C11_id_GCA_001815355_1	22	14	Bacteria	Proteobacteria	Gammaproteobacteria	Enterobacterales	Pasteurellaceae	Haemophilus	None	2.2250600826795957	1.4779020516048953	2.9494014296254325	1.4652557879523613	0.024721008978553373	0.01282051282051282	0.08316953133552953	0.0	2.6373959551094255	5.274922071767548	8.692582998733771	0.03884078884078884	1.3115854442048671	0.0
H_sp_str_HMSC073C03_id_GCA_001814055_1	22	15	Bacteria	Proteobacteria	Gammaproteobacteria	Enterobacterales	Pasteurellaceae	Haemophilus	None	9.74176503275157	5.388079942590067	5.81394057725243	3.3590333005730546	0.10890973103345793	0.027153558052434457	0.8836176679420753	0.00922266139657444	1.0835794699321815	4.816240360429567	30.892576143254495	0.06354931511523894	3.2089765824886034	0.0
H_sp_str_HMSC61B11_id_GCA_001838615_1	22	14	Bacteria	Proteobacteria	Gammaproteobacteria	Enterobacterales	Pasteurellaceae	Haemophilus	None	1.7195440618612603	1.3191269687766785	1.9005962835710308	1.200615716939021	0.11678363263291493	0.1697263009122487	0.07093394364254407	0.0077205172746574015	1.497284450293324	2.194714701053581	9.91231507037415	0.0	1.5105711428713975	0.01911976911976912
H_sp_str_HMSC71H05_id_GCA_001838635_1	22	14	Bacteria	Proteobacteria	Gammaproteobacteria	Enterobacterales	Pasteurellaceae	Haemophilus	None	2.7344850533909444	1.7867532638904668	4.8181636617267465	3.0683014336817744	0.06928658904268033	0.027926273890355843	0.16215935952778057	0.0008359456635318704	1.565390204963969	2.5149531015741475	8.524335838347413	0.03268588755876892	1.4006396609077274	0.0
H_sp_str_Marseille_Q0026_id_GCA_916856725_1	22	15	Bacteria	Proteobacteria	Gammaproteobacteria	Enterobacterales	Pasteurellaceae	Haemophilus	None	0.015588578088578088	0.0	0.006555944055944055	0.0	0.018793706293706292	0.0	0.0	0.0	2.3949656618924258	0.0	26.96709108437725	0.0	0.0	0.0
H_sp_HMT_036_str_F0629_id_GCA_002998595_1	22	14	Bacteria	Proteobacteria	Gammaproteobacteria	Enterobacterales	Pasteurellaceae	Haemophilus	None	0.22400050901311397	0.7395560270433321	1.1656854867439561	1.359855613252662	23.441855678865554	0.0	0.21677450462642966	0.0	0.054345152347706094	6.399116818192973	1.0286751525426683	0.011313131313131313	21.13025465307051	0.17958286832962386
H_sp_str_F0397_id_GCA_000242295_1	22	11	Bacteria	Proteobacteria	Gammaproteobacteria	Enterobacterales	Pasteurellaceae	Haemophilus	None	0.1392858409995217	0.33974903668395756	0.7096628994820718	0.5485096597535434	7.403580808555375	0.0	0.5260758633671837	0.0050116550116550114	0.041974771639843415	4.275000252328625	0.20408751791320584	0.0	10.794267512936578	0.07502049992168569
H_sp_str_SZY_H36_id_GCA_018829625_1	22	12	Bacteria	Proteobacteria	Gammaproteobacteria	Enterobacterales	Pasteurellaceae	Haemophilus	None	0.05153873953416908	0.43317060923872847	0.6218641263252539	0.45743145683524683	13.205469079839094	0.008767449778685734	0.5827818873676797	0.0	0.04347904886182398	4.176070272493259	0.26967654391383805	0.0	14.123283875019354	0.17073332639317318
H_sp_str_SZY_H8_id_GCA_018829755_1	22	22	Bacteria	Proteobacteria	Gammaproteobacteria	Enterobacterales	Pasteurellaceae	None	None	0.01822675665959248	0.24582779051722764	2.3409641288731406	0.5320658580328467	10.585804911538848	0.019111570247933887	0.3732211119776464	0.0	0.22486945467523006	11.728133905246688	0.5873749817615631	0.021314843348741654	57.798680602079884	1.132204947241659
H_sputorum_str_C2015005679_id_GCA_003252875_1	22	16	Bacteria	Proteobacteria	Gammaproteobacteria	Enterobacterales	Pasteurellaceae	Haemophilus	Haemophilus sputorum	0.0	0.0	0.104631079991116	0.0	0.0	0.0	0.0	0.0	0.005845860176568838	0.7765705645635854	0.07267429983502326	0.0	0.0	0.04201558696768719
H_sputorum_str_C2002001239_id_GCA_003252715_1	22	16	Bacteria	Proteobacteria	Gammaproteobacteria	Enterobacterales	Pasteurellaceae	Haemophilus	Haemophilus sputorum	0.004874835309617918	0.008042510412178659	0.02286808606511209	0.0	0.0	0.0	0.0	0.0	0.0048108825481088255	0.9153676537341217	0.1981634156731034	0.0	0.022071104748270103	0.02598274810880163
H_sputorum_str_CCUG_13788_id_GCA_000238795_2	22	17	Bacteria	Proteobacteria	Gammaproteobacteria	Enterobacterales	Pasteurellaceae	Haemophilus	Haemophilus sputorum	0.0	0.013986013986013986	0.23449306040455575	0.006847319347319347	0.044296467863346844	0.0	0.0	0.0	0.025365090139147086	1.0258170130837319	0.01424090176578564	0.0	0.0	0.0
A_sp_HMT_458_str_W10330_id_GCA_000466335_1	22	16	Bacteria	Proteobacteria	Gammaproteobacteria	Enterobacterales	Pasteurellaceae	Aggregatibacter	None	0.0	0.0	0.0	0.0	0.0	1.1497419245348184	0.0	0.0	1.5779107692585983	0.4781156784806862	0.003557312252964427	0.0	0.010737812911725956	0.0
A_sp_str_Marseille_P9115_id_GCA_920939465_1	22	16	Bacteria	Proteobacteria	Gammaproteobacteria	Enterobacterales	Pasteurellaceae	Aggregatibacter	None	0.003623188405797101	0.0	0.1552913604960574	0.02798687512063308	0.0	0.0	0.02404479578392622	0.0	0.37278891732525427	0.052593240093240096	0.02958174225676068	0.0	0.0	0.0
A_sp_str_2125159857_id_GCA_017798005_1	22	15	Bacteria	Proteobacteria	Gammaproteobacteria	Enterobacterales	Pasteurellaceae	Aggregatibacter	None	0.016025641025641028	0.0	0.5213724647629561	0.24344405594405594	0.014131701631701632	0.9469481228337326	0.0	0.0	2.2226772203001186	0.3133609696729143	0.07837995337995339	0.0	0.03254132231404959	0.01587995337995338
A_segnis_str_C2001002503_id_GCA_003252685_1	22	16	Bacteria	Proteobacteria	Gammaproteobacteria	Enterobacterales	Pasteurellaceae	Aggregatibacter	None	0.006805341551104263	0.0	0.03301332288401254	0.029507485354740726	0.0	0.0	0.04901185770750988	0.0	0.8617685934360498	0.12973018166622874	0.012911725955204217	0.0	0.0	0.0
A_segnis_str_PN_651_id_GCA_003130325_1	22	16	Bacteria	Proteobacteria	Gammaproteobacteria	Enterobacterales	Pasteurellaceae	Aggregatibacter	None	0.0	0.01977793199167245	0.022673417770212437	0.0	0.02885559763030119	0.04582814445828145	0.0	0.0	0.5636582655750865	0.024532141464827097	0.0	0.0	0.002108036890645586	0.0
A_segnis_str_HK_296_id_GCA_003130075_1	22	16	Bacteria	Proteobacteria	Gammaproteobacteria	Enterobacterales	Pasteurellaceae	Aggregatibacter	None	0.0	0.0	0.0034072785268957516	0.0	0.05125792466556798	0.0032742681047765797	0.0	0.0	0.35239316359524714	0.1153628973771236	0.0	0.0	0.021628498727735368	0.0
A_segnis_str_PN_450_id_GCA_003130345_1	22	16	Bacteria	Proteobacteria	Gammaproteobacteria	Enterobacterales	Pasteurellaceae	Aggregatibacter	None	0.0	0.0	0.0	0.006734006734006734	0.0	0.042127354627354625	0.0	0.0	0.5247677249473646	0.08249558195611473	0.0	0.0	0.0	0.0
A_segnis_str_C2000002669_id_GCA_003252645_1	22	17	Bacteria	Proteobacteria	Gammaproteobacteria	Enterobacterales	Pasteurellaceae	Aggregatibacter	None	0.0	0.0	0.0	0.0	0.0	0.0012198253723677453	0.0	0.0	0.7005080361925097	0.10680504477582971	0.015005827505827506	0.0	0.010595465140919686	0.0
A_segnis_str_933_AAPH_id_GCA_001059425_1	22	16	Bacteria	Proteobacteria	Gammaproteobacteria	Enterobacterales	Pasteurellaceae	Aggregatibacter	None	0.0031620553359683794	0.018239722061378114	0.0	0.0	0.010737812911725956	0.0024121815166591285	0.0	0.0	0.7630610470945963	0.12430683215760534	0.030188679245283016	0.0	0.008959156785243743	0.0
A_sp_str_W11186_id_GCA_018128305_1	22	16	Bacteria	Proteobacteria	Gammaproteobacteria	Enterobacterales	Pasteurellaceae	Aggregatibacter	None	0.0	0.02253858583607288	0.057336280740536066	0.0	0.07907898470302169	0.1213746251383773	0.017773892773892772	0.0	0.8401687503412532	0.144061892955419	0.0	0.0	0.0	0.0
A_aphrophilus_str_FDAARGOS_248_id_GCA_002083125_2	22	22	Bacteria	Proteobacteria	Gammaproteobacteria	Enterobacterales	Pasteurellaceae	None	None	0.0010059097196026658	0.0	0.0	0.010343822843822844	0.012383449883449882	0.05258596919442797	0.02918820310124658	0.0	0.2730200320801583	0.0	0.013548951048951048	0.0	0.06777700670830442	0.0
A_aphrophilus_str_C2008003249_id_GCA_003252995_1	22	22	Bacteria	Proteobacteria	Gammaproteobacteria	Enterobacterales	Pasteurellaceae	None	None	0.012779973649538867	0.0	0.0	0.0	0.0	0.0	0.0	0.0	0.02865010068399899	0.028688685274272027	0.02170005136106831	0.0	0.023132084200786492	0.0
A_aphrophilus_str_C2010020251_id_GCA_003252835_1	22	15	Bacteria	Proteobacteria	Gammaproteobacteria	Enterobacterales	Pasteurellaceae	Aggregatibacter	None	0.0	0.0	0.0	0.0	0.0	0.0	0.0	0.0	0.018232113667798314	0.008110147114296492	0.0	0.0	0.0	0.0
A_aphrophilus_str_ATCC_7901_id_GCA_001680805_1	22	14	Bacteria	Proteobacteria	Gammaproteobacteria	Enterobacterales	Pasteurellaceae	Aggregatibacter	None	0.08654750902729784	0.0	0.0	0.0	0.0	0.0	0.0	0.0	0.0028919904438576634	0.012741046831955921	0.0	0.0	0.0	0.0
A_aphrophilus_str_PN_517_id_GCA_003130125_1	22	14	Bacteria	Proteobacteria	Gammaproteobacteria	Enterobacterales	Pasteurellaceae	Aggregatibacter	None	0.04870259719813596	0.01155096441326245	0.0	0.0	0.0	0.0	0.005681818181818182	0.0	0.019212449411478878	0.0	0.018502331002331004	0.0	0.0	0.0
A_aphrophilus_str_HK_319_id_GCA_003130365_1	22	14	Bacteria	Proteobacteria	Gammaproteobacteria	Enterobacterales	Pasteurellaceae	Aggregatibacter	None	0.04881983727525129	0.05421024171024171	0.0	0.0	0.0	0.003852080123266564	0.0	0.0	0.0	0.0	0.012674825174825176	0.0	0.045570205875549386	0.0
A_aphrophilus_str_HK83_id_GCA_003703745_1	22	14	Bacteria	Proteobacteria	Gammaproteobacteria	Enterobacterales	Pasteurellaceae	Aggregatibacter	None	0.06239925859196709	0.013438322760356659	0.0	0.0	0.0	0.037058482918355534	0.04360397871848253	0.0	0.0	0.007246376811594202	0.0	0.0	0.0	0.0003952569169960474
A_kilianii_str_PN_649_id_GCA_003130015_1	22	15	Bacteria	Proteobacteria	Gammaproteobacteria	Enterobacterales	Pasteurellaceae	Aggregatibacter	None	0.0001886080724254998	0.0	0.0	0.0	0.0	0.040952103452103455	0.06766134628730049	0.0	0.0	0.029917822290703645	0.0	0.0	0.0	0.0
A_kilianii_str_PN_528_id_GCA_003130255_1	22	22	Bacteria	Proteobacteria	Gammaproteobacteria	Enterobacterales	Pasteurellaceae	None	None	0.0061933200619332	0.0	0.0	0.0	0.0	0.0	0.0	0.0	0.12538044197432843	0.0	0.0	0.0	0.03469812630117974	0.0
A_kilianii_str_PN_491_id_GCA_003129965_1	22	9	Bacteria	Proteobacteria	Gammaproteobacteria	Enterobacterales	Pasteurellaceae	Aggregatibacter	Aggregatibacter kilianii	0.004953379953379953	0.0	0.0	0.0	0.0	0.0036496350364963502	0.10416666666666666	0.0	0.022727272727272728	0.0	0.0	0.0	0.0	0.0
A_actinomycetemcomitans_str_SA15_id_GCA_021309365_1	22	22	Bacteria	Proteobacteria	Gammaproteobacteria	Enterobacterales	Pasteurellaceae	None	None	0.0	0.0	0.0	0.0	0.0	0.0	0.0	0.0	0.0	0.0	0.0	0.0	0.0	0.0
A_actinomycetemcomitans_str_ANH9776_id_GCA_001596315_1	23	19	Bacteria	Proteobacteria	Gammaproteobacteria	Enterobacterales	Pasteurellaceae	Aggregatibacter	None	0.0	0.0	0.021103483346046274	0.01728960081362827	0.0	0.0	0.0	0.0	0.0	0.0	0.020594965675057208	0.0	0.0	0.0
A_actinomycetemcomitans_str_HK_974_id_GCA_008085185_1	22	22	Bacteria	Proteobacteria	Gammaproteobacteria	Enterobacterales	Pasteurellaceae	None	None	0.0	0.0	0.0	0.0	0.0	0.0	0.0	0.0	0.0	0.0029307675293076753	0.0	0.0	0.0	0.0
A_segnis_str_NCTC10977_id_GCA_900476035_1	22	16	Bacteria	Proteobacteria	Gammaproteobacteria	Enterobacterales	Pasteurellaceae	Aggregatibacter	None	0.004728816830727659	0.0	0.0	0.0	0.0	0.01995920745920746	0.0	0.0	1.3259273812816788	0.017694426785335875	0.003623188405797101	0.0	0.0	0.0
A_aphrophilus_str_NJ8700_id_GCA_000022985_1	22	15	Bacteria	Proteobacteria	Gammaproteobacteria	Enterobacterales	Pasteurellaceae	Aggregatibacter	None	0.0	0.01891290527654164	0.0	0.0	0.0	0.009145509145509144	0.0	0.0	0.2422797757361552	0.010374010374010374	0.0	0.012179208351457155	0.0	0.0
A_actinomycetemcomitans_str_NCTC_9710_id_GCA_008085305_1	22	12	Bacteria	Proteobacteria	Gammaproteobacteria	Enterobacterales	Pasteurellaceae	Aggregatibacter	Aggregatibacter actinomycetemcomitans	0.0	0.0	0.0	0.0	0.0	0.0	0.0	0.0	0.0	0.010343822843822844	0.0	0.0	0.020009252833680314	0.0
A_aphrophilus_str_NCTC5906_id_GCA_900636915_1	23	16	Bacteria	Proteobacteria	Gammaproteobacteria	Enterobacterales	Pasteurellaceae	Aggregatibacter	None	0.04459308807134894	0.0	0.0	0.0	0.0	0.06657947556989562	0.0	0.0	0.18259370002805217	0.055474655016989116	0.0	0.0	0.0	0.0
