bin_name	total_scgs	supporting_scgs	t_domain	t_phylum	t_class	t_order	t_family	t_genus	t_species	PT_HC_HMP_S024_01	PT_HC_HMP_S024_02	PT_HC_HMP_S028_01	PT_HC_HMP_S028_02	PT_HC_HMP_S030_01	PT_HC_HMP_S038_01	PT_HC_HMP_S117_01	PT_HC_HMP_S138_01	PT_HC_HMP_S140_01	PT_HC_HMP_S142_01	PT_HC_HMP_S146_01	PT_HC_HMP_S148_01	PT_HC_HMP_S149_01	PT_HC_HMP_S151_01	PT_HC_HMP_S154_01	PT_HC_HMP_S156_01	PT_HC_HMP_S157_01	PT_HC_HMP_S159_01	PT_HC_HMP_S162_01
H_aegyptius_str_CCUG_628_id_GCA_001679305_1	22	14	Bacteria	Proteobacteria	Gammaproteobacteria	Enterobacterales	Pasteurellaceae	Haemophilus	None	0.0	0.0	0.0029860650298606504	0.0	0.0	0.0	0.0	0.0	0.0	0.0	0.0	0.011945177920281656	0.01292929292929293	0.0	0.013049151805132666	0.0	0.0	0.0	0.03711758735682181
H_aegyptius_str_ATCC_11116_id_GCA_000195005_1	22	16	Bacteria	Proteobacteria	Gammaproteobacteria	Enterobacterales	Pasteurellaceae	Haemophilus	None	0.002972306800057996	0.015681288408561134	0.0	0.0	0.0	0.0	0.0	0.0	0.0	0.0	0.0	0.04129251725756469	0.0	0.0	0.0	0.000387082503870825	0.0	0.009569377990430622	0.0
H_ducreyi_str_CCUG_4438_id_GCA_002015155_1	22	20	Bacteria	Proteobacteria	Gammaproteobacteria	Enterobacterales	Pasteurellaceae	Haemophilus	Haemophilus ducreyi	0.0	0.0	0.0	0.0	0.0	0.0	0.0	0.0	0.0	0.0	0.0	0.0	0.0	0.0	0.0	0.0	0.0	0.0	0.0
H_ducreyi_str_VAN1_id_GCA_001647655_1	22	16	Bacteria	Proteobacteria	Gammaproteobacteria	Enterobacterales	Pasteurellaceae	Haemophilus	Haemophilus ducreyi	0.0	0.0	0.0	0.0	0.0	0.0	0.0	0.0	0.0	0.0	0.0	0.0	0.0	0.0	0.0	0.0	0.0	0.0	0.0
H_haemolyticus_str_ATCC_33390_id_GCA_004368535_1	22	22	Bacteria	Proteobacteria	Gammaproteobacteria	Enterobacterales	Pasteurellaceae	None	None	0.04084480038678512	0.10057156935205716	0.00519796505197965	0.0	0.0	0.0	0.001272264631043257	0.058711009939836044	0.0	0.0	0.0	0.0598274118872384	0.0	0.008602978941961993	0.07041832041832041	0.0	0.0	0.020226185297955633	0.06877125058943241
H_haemolyticus_str_M19066_id_GCA_003494695_1	22	22	Bacteria	Proteobacteria	Gammaproteobacteria	Enterobacterales	Pasteurellaceae	None	None	0.08188910817811768	0.1644593860155374	0.0	0.0	0.017696044413601664	0.0	0.03314805530006962	0.1420261812258038	0.0	0.012287049600482436	0.0	0.039749437559656535	0.0	0.0	0.04759606683959703	0.0	0.0	0.07459765115267508	0.1884434648817759
H_haemolyticus_str_60971_B_Hi_3_id_GCA_006439235_1	22	22	Bacteria	Proteobacteria	Gammaproteobacteria	Enterobacterales	Pasteurellaceae	None	None	0.15858795067675693	0.017492301011147456	0.0	0.0	0.024374176548089595	0.0	0.013085399449035813	0.05664221021533662	0.025137741046831953	0.003467510930197497	0.0	0.12288143176834997	0.0	0.0019907100199071004	0.0	0.0	0.0	0.42661402050682007	0.02492925813821336
H_haemolyticus_str_M26160_id_GCA_003494485_1	22	22	Bacteria	Proteobacteria	Gammaproteobacteria	Enterobacterales	Pasteurellaceae	None	None	0.03791647821498568	0.1604231124960295	0.00505050505050505	0.0	0.0	0.0	0.026687327823691463	0.15140967214889198	0.007864908628267407	0.0	0.0	0.07870663858906632	0.0	0.0	0.0	0.0	0.0	0.06600891481472791	0.0
H_haemolyticus_str_M26157_id_GCA_003494105_1	22	22	Bacteria	Proteobacteria	Gammaproteobacteria	Enterobacterales	Pasteurellaceae	None	None	0.20179249776934868	0.3478324899507952	0.000922266139657444	0.002898550724637681	0.0	0.0	0.0	0.01421518556350017	0.017241379310344827	0.0	0.0	0.04058081325432543	0.0	0.0	0.0	0.0	0.0	0.03564052160077003	0.0
H_haemolyticus_str_M11818_id_GCA_003494635_1	22	22	Bacteria	Proteobacteria	Gammaproteobacteria	Enterobacterales	Pasteurellaceae	None	None	0.0024050024050024047	0.0015881729451286248	0.008688281415554142	0.0	0.0	0.0	0.04178929128867943	0.21810300109645428	0.000595846101464079	0.0123866401238664	0.0	0.5841552998747758	0.0	0.0	0.04179728317659352	0.0056479654508700145	0.0	0.005276647067691844	0.09260106168941715
H_haemolyticus_str_M19080_id_GCA_003494285_1	22	22	Bacteria	Proteobacteria	Gammaproteobacteria	Enterobacterales	Pasteurellaceae	None	None	0.13513891300268197	0.03339363787124981	0.0	0.0	0.0	0.0	0.04265734265734266	0.05878549008151253	0.0	0.0	0.0	0.03697996918335902	0.0	0.0	0.0	0.0	0.0	0.06503315758005462	0.0
H_haemolyticus_str_M26164_id_GCA_003494525_1	22	22	Bacteria	Proteobacteria	Gammaproteobacteria	Enterobacterales	Pasteurellaceae	None	None	0.15640686608036816	0.12393686552598102	0.03099173553719008	0.0170316301703163	0.0	0.0	0.03253727824338512	0.03996330691245945	0.0	0.0205706702057067	0.0	0.014106583072100314	0.0	0.0	0.0	0.0	0.0	0.009116589625064201	0.04248223865448746
H_haemolyticus_str_M25342_id_GCA_003493465_1	22	11	Bacteria	Proteobacteria	Gammaproteobacteria	Enterobacterales	Pasteurellaceae	Haemophilus	None	0.11062761653860022	0.1197775726592584	0.0	0.03679144020053111	0.011526750761200522	0.017371163867979156	1.1820806878857537	0.23178277064063108	0.02728235157053344	0.0	0.0	0.028345657532260402	0.0	0.0	0.01812382195157315	0.0	0.0	0.02749374773226805	0.04190227635203712
H_haemolyticus_str_M28908_id_GCA_003494545_1	22	11	Bacteria	Proteobacteria	Gammaproteobacteria	Enterobacterales	Pasteurellaceae	Haemophilus	None	0.07849120096957254	0.12823549326146708	0.0	0.011985526910900046	0.0	0.0	0.0042772219805712625	0.030543530543530543	0.0038422502537335075	0.01448794514487945	0.0	0.0	0.0	0.0	0.022727272727272728	0.00232249502322495	0.0	0.02223729835670134	0.0
H_haemolyticus_str_M19099_id_GCA_003490935_1	22	22	Bacteria	Proteobacteria	Gammaproteobacteria	Enterobacterales	Pasteurellaceae	None	None	0.20471362765656062	0.10345011539041389	0.0	0.0	0.0	0.0	0.031806615776081425	0.07732126665498086	0.0	0.0	0.0	0.02522249180187279	0.0	0.0	0.0006420133538777606	0.0	0.0	0.0	0.053266621438263224
H_haemolyticus_str_M26156_id_GCA_003490655_1	22	22	Bacteria	Proteobacteria	Gammaproteobacteria	Enterobacterales	Pasteurellaceae	None	None	0.13290004750341855	0.04956799158419667	0.01319414238074525	0.0	0.009279396839205452	0.0	0.0780599982155006	0.00534626289437172	0.025680534155110426	0.0	0.0	0.026462718516284678	0.0	0.0	0.0	0.013603185136031853	0.0	0.044834100187009326	0.03146295490793099
H_haemolyticus_str_M19071_id_GCA_003493965_1	22	22	Bacteria	Proteobacteria	Gammaproteobacteria	Enterobacterales	Pasteurellaceae	None	None	0.25232438254294	0.07785165759222332	0.0	0.0	0.012741046831955921	0.0	0.0	0.05927561459548825	0.0	0.0	0.0	0.0	0.0	0.0	0.061674839683138444	0.01270895978925176	0.0	0.051491231166106495	0.1596168981415877
H_haemolyticus_str_M26174_id_GCA_003493245_1	22	22	Bacteria	Proteobacteria	Gammaproteobacteria	Enterobacterales	Pasteurellaceae	None	None	0.07691312720145828	0.15392010783141494	0.009799487411427709	0.0	0.0	0.0	0.018303472683034727	0.16412241732715468	0.017052983595867263	0.0	0.0	0.08381533474817057	0.0	0.0	0.0	0.0	0.0	0.0	0.0
H_haemolyticus_str_M19155_id_GCA_003490305_1	22	13	Bacteria	Proteobacteria	Gammaproteobacteria	Enterobacterales	Pasteurellaceae	Haemophilus	None	0.2976090993358271	0.23602268789895156	0.0	0.0	0.0	0.0	0.0	0.06782143295301189	0.005654632448890822	0.0249944702499447	0.0	0.06401707557331594	0.0	0.0	0.015673424145498285	0.02975741781711931	0.0	0.1234945036288961	0.07085951212042775
H_haemolyticus_str_HI2028_id_GCA_004368395_1	22	22	Bacteria	Proteobacteria	Gammaproteobacteria	Enterobacterales	Pasteurellaceae	None	None	0.18976407042256127	0.19164977636361524	0.008688281415554142	0.0	0.0	0.0	0.01093926820067899	0.12206386150611347	0.009842955098429551	0.0	0.0	0.0	0.0	0.0	0.006224066390041494	0.03704509206901551	0.0	0.04406172332102845	0.09319599315741221
H_haemolyticus_str_65117_B_Hi_3_id_GCA_006439285_1	22	11	Bacteria	Proteobacteria	Gammaproteobacteria	Enterobacterales	Pasteurellaceae	Haemophilus	None	0.1198585726597186	0.11036156815377596	0.0	0.0	0.0	0.0	0.010595465140919686	0.0	0.0	0.0	0.0	0.0795300054854195	0.0	0.0	0.0	0.01718294813694576	0.0	0.023343482673626216	0.026848233625755658
H_haemolyticus_str_M19122_id_GCA_003493365_1	22	22	Bacteria	Proteobacteria	Gammaproteobacteria	Enterobacterales	Pasteurellaceae	None	None	0.20863075015903612	0.24095249974565808	0.005474452554744526	0.0	0.047348484848484855	0.0	0.0030805985162831633	0.017476562367073314	0.0	0.01515151515151515	0.0	0.0	0.0	0.0	0.023674242424242428	0.012686675366101203	0.0	0.053814516514959325	0.0008847600088476001
H_haemolyticus_str_M19140_id_GCA_003490235_1	22	12	Bacteria	Proteobacteria	Gammaproteobacteria	Enterobacterales	Pasteurellaceae	Haemophilus	None	0.0303030303030303	0.10447063721585251	0.0	0.010198135198135198	0.0	0.0	0.0	0.06935625579693376	0.0	0.0	0.0	0.030152268958239106	0.0	0.0	0.0	0.0	0.0	0.04548366286922311	0.03294135383687623
H_haemolyticus_str_M26166_id_GCA_003492745_1	22	22	Bacteria	Proteobacteria	Gammaproteobacteria	Enterobacterales	Pasteurellaceae	None	None	0.342247427087764	0.1865070639908221	0.03106700948850408	0.015947113299006017	0.0	0.0	0.0	0.0	0.04795839753466871	0.0	0.0	0.05189642810697841	0.0	0.0	0.0	0.008699434536755112	0.0	0.10957113506471919	0.21226620269682472
H_haemolyticus_str_60982_B_Hi_1_id_GCA_006439215_1	22	22	Bacteria	Proteobacteria	Gammaproteobacteria	Enterobacterales	Pasteurellaceae	None	None	0.04415936844702109	0.0989665831931775	0.0	0.0	0.0	0.0	0.02551671005791403	0.11991097717925268	0.0024050024050024047	0.0	0.0	0.0	0.0	0.0	0.0	0.0031519575315195753	0.0	0.09691025058696541	0.0
H_haemolyticus_str_60824_B_Hi_4_id_GCA_006439315_1	21	21	Bacteria	Proteobacteria	Gammaproteobacteria	Enterobacterales	Pasteurellaceae	None	None	0.1301824668571443	0.11948913441450755	0.008291873963515755	0.0	0.0	0.0	0.03361929667899818	0.08704961147709737	0.0	0.012085137085137084	0.0	0.02094041355041443	0.004286872900011586	0.0	0.0	0.004273504273504274	0.0	0.0	0.0
H_haemolyticus_str_CCUG_39154_id_GCA_001679445_1	22	22	Bacteria	Proteobacteria	Gammaproteobacteria	Enterobacterales	Pasteurellaceae	None	None	0.13071328787858516	0.11539533648291077	0.0	0.0	0.0	0.0	0.016768811712631938	0.06491308228266196	0.0	0.0	0.0	0.0011307100859339666	0.0	0.0	0.0	0.0	0.0	0.09109090688038056	0.04048550016291952
H_haemolyticus_str_60819_B_Hi_1_id_GCA_006439245_1	22	11	Bacteria	Proteobacteria	Gammaproteobacteria	Enterobacterales	Pasteurellaceae	Haemophilus	None	0.06781364364670289	0.09344986553976181	0.00011059500110595002	0.01686868686868687	0.0	0.0	0.0	0.056285924971175655	0.0	0.0	0.0	0.016396705683057154	0.0	0.0	0.0	0.02334152334152334	0.0	0.05802601334097997	0.08199780209719988
H_haemolyticus_str_M19197_id_GCA_003492365_1	22	12	Bacteria	Proteobacteria	Gammaproteobacteria	Enterobacterales	Pasteurellaceae	Haemophilus	None	0.2178836858191282	0.05460647997961431	0.0	0.0030906075682195083	0.0	0.0	0.0	0.0	0.0	0.054046470125509255	0.015569487983281087	0.0	0.0	0.0	0.0	0.0	0.0	0.03443526170798898	0.06693267749906696
H_haemolyticus_str_M19079_id_GCA_003490595_1	22	12	Bacteria	Proteobacteria	Gammaproteobacteria	Enterobacterales	Pasteurellaceae	Haemophilus	None	0.1382545093075174	0.09205256466022016	0.0273000273000273	0.04568764568764569	0.01000355576626763	0.0	0.013719282375998794	0.09915141078047514	0.0	0.06095704151438594	0.0	0.02576002152273339	0.0	0.0	0.02070321535970391	0.005361305361305361	0.0	0.03068636493987106	0.05026098303610265
H_haemolyticus_str_M26161_id_GCA_003493685_1	22	11	Bacteria	Proteobacteria	Gammaproteobacteria	Enterobacterales	Pasteurellaceae	Haemophilus	None	0.20314464727544815	0.16615771849689545	0.0	0.0	0.0	0.0	0.0	0.026169003056522314	0.0	0.053893988747408944	0.0	0.02529152529152529	0.0	0.0	0.02282533805845256	0.0037296037296037296	0.0	0.0	0.02327098738581992
H_haemolyticus_str_CCUG_24149_id_GCA_001679135_1	22	22	Bacteria	Proteobacteria	Gammaproteobacteria	Enterobacterales	Pasteurellaceae	None	None	0.15226336307999075	0.20679861112023634	0.0	0.0031519575315195753	0.0	0.0	0.010529019003595276	0.1449787549227928	0.009494949494949495	0.0	0.0	0.032241194193748934	0.0	0.0	0.0	0.0	0.0	0.02509474657869866	0.08528700196531021
H_haemolyticus_str_M19187_id_GCA_003493605_1	22	22	Bacteria	Proteobacteria	Gammaproteobacteria	Enterobacterales	Pasteurellaceae	None	None	0.07937147298430346	0.05783753409262229	0.0	0.0	0.0103959301039593	0.0	0.0	0.00519796505197965	0.008959156785243743	0.0	0.0	0.05832077021863808	0.0	0.0	0.0	0.009821836455002285	0.0	0.05155582672361196	0.0
H_haemolyticus_str_Haemophilus_haemolyticus_BgEED18_id_GCA_901873495_1	22	22	Bacteria	Proteobacteria	Gammaproteobacteria	Enterobacterales	Pasteurellaceae	None	None	0.11312750469331224	0.08790523561911835	0.0	0.0	0.0	0.0	0.04263318025896962	0.09809913747946487	0.030352905352905354	0.0	0.0	0.0	0.0	0.0	0.05633802816901408	0.014242424242424244	0.0	0.09543439808459295	0.07059173694405682
H_haemolyticus_str_M19164_id_GCA_003491025_1	22	12	Bacteria	Proteobacteria	Gammaproteobacteria	Enterobacterales	Pasteurellaceae	Haemophilus	None	0.06293416368043234	0.11710287665541945	0.0	0.0	0.0	0.0	0.011450381679389311	0.0824000885749498	0.012953967152440434	0.004195804195804196	0.0	0.0	0.0	0.0	0.019216566130871013	0.0	0.0	0.0	0.12537629969306233
H_haemolyticus_str_CCUG_15949_id_GCA_006439275_1	22	22	Bacteria	Proteobacteria	Gammaproteobacteria	Enterobacterales	Pasteurellaceae	None	None	0.050706917390448886	0.053720036147454846	0.014332514332514333	0.0	0.0	0.0	0.0	0.027613355742498902	0.0	0.032024793388429756	0.0	0.1400907248389463	0.0	0.0	0.009178926191374325	0.0	0.0	0.12155971880480024	0.0
H_haemolyticus_str_M26167_id_GCA_003493125_1	22	22	Bacteria	Proteobacteria	Gammaproteobacteria	Enterobacterales	Pasteurellaceae	None	None	0.2801209746742517	0.06165375115413895	0.0	0.0	0.0	0.0	0.005555555555555556	0.039451789451789454	0.0	0.0	0.0	0.0	0.0	0.010065691883873702	0.05400197628458498	0.0	0.0	0.05815481927423441	0.0030024449557220488
H_haemolyticus_str_11P18_id_GCA_001008205_1	22	22	Bacteria	Proteobacteria	Gammaproteobacteria	Enterobacterales	Pasteurellaceae	None	None	0.265140852845652	0.27978248601706074	0.0	0.014141414141414142	0.0	0.0	0.012597889002383384	0.13438764938764935	0.007831120190670752	0.0	0.0	0.11822522438801508	0.0	0.0	0.0	0.0	0.0	0.28407848913152106	0.3850895944183623
H_haemolyticus_str_16_549009_id_GCA_004362455_1	22	22	Bacteria	Proteobacteria	Gammaproteobacteria	Enterobacterales	Pasteurellaceae	None	None	0.146376645680969	0.07079112212477973	0.0	0.0	0.007177033492822966	0.0	0.06375104098757833	0.10904007706333287	0.021416470611891978	0.0	0.0	0.02220680083275503	0.0	0.0	0.024708624708624706	0.0	0.0	0.15876654445090954	0.004976775049767751
H_haemolyticus_str_CCUG_30218_id_GCA_006439145_1	22	22	Bacteria	Proteobacteria	Gammaproteobacteria	Enterobacterales	Pasteurellaceae	None	None	0.13179296828293224	0.09605797713645571	0.007133377571333776	0.008304195804195804	0.0	0.0	0.0488687617692276	0.0	0.025680534155110426	0.06716200466200467	0.0	0.23134233381937996	0.0	0.009940165991121406	0.020512820512820513	0.0	0.0	0.034752754374015656	0.07366550116550118
H_haemolyticus_str_CCUG30047_id_GCA_013401795_1	22	22	Bacteria	Proteobacteria	Gammaproteobacteria	Enterobacterales	Pasteurellaceae	None	None	0.12658416043364265	0.09305732844800851	0.0	0.007721445221445222	0.0	0.0	0.0	0.0958685863824963	0.0	0.0	0.0	0.09368253941690206	0.02182845403184386	0.0	0.0030303030303030303	0.0	0.0	0.0	0.07945222392319234
H_haemolyticus_str_S32F2_id_GCA_013401805_1	22	22	Bacteria	Proteobacteria	Gammaproteobacteria	Enterobacterales	Pasteurellaceae	None	None	0.7949993475835317	0.7908601216274459	0.0	0.02913752913752914	0.024862206485342528	0.0	0.0	0.029795563288386253	0.0	0.013934970139349702	0.0	0.026629931288781227	0.007684500507467015	0.0	0.03450749241445292	0.12595459859620198	0.0	0.280309521583424	1.1658886157767976
H_haemolyticus_str_1P26_id_GCA_001008215_1	22	11	Bacteria	Proteobacteria	Gammaproteobacteria	Enterobacterales	Pasteurellaceae	Haemophilus	None	0.20291973978880512	0.18922876504344882	0.008211889891279205	0.0	0.0	0.0	0.0	0.09297493122972934	0.02675402675402675	0.0	0.0	0.0	0.0	0.0	0.0	0.036599111225976894	0.0	0.08265928653541244	0.051776981211549715
H_haemolyticus_str_PN24_id_GCA_013401825_1	22	22	Bacteria	Proteobacteria	Gammaproteobacteria	Enterobacterales	Pasteurellaceae	None	None	0.08992959195488949	0.11543520678634414	0.0	0.0	0.0	0.0	0.027490423589149705	0.08103332363883076	0.0065520065520065516	0.0	0.0	0.013878460957362613	0.0	0.0	0.0	0.032196969696969696	0.0	0.0	0.034026707755521315
H_haemolyticus_str_27P25_id_GCA_001008275_1	23	12	Bacteria	Proteobacteria	Gammaproteobacteria	Enterobacterales	Pasteurellaceae	Haemophilus	None	0.030499675535366647	0.05439887629008404	0.0	0.00016469038208168644	0.00021157304559399134	0.0	0.26437465616919853	0.9869954892502261	0.03293807641633729	0.0	0.0	0.012486064659977703	0.0	0.0	0.0	0.0	0.0	0.015234838186092706	0.0
H_haemolyticus_str_3P5_id_GCA_001008225_1	22	22	Bacteria	Proteobacteria	Gammaproteobacteria	Enterobacterales	Pasteurellaceae	None	None	0.044441863322054805	0.1859213983624824	0.0	0.0	0.0	0.0	0.022322461253758964	0.05354743005032849	0.0	0.0	0.0	0.03840579710144928	0.0	0.0	0.06396809875297037	0.0	0.0	0.0	0.018677823006181215
H_haemolyticus_str_CCUG_31732_id_GCA_006439125_1	22	22	Bacteria	Proteobacteria	Gammaproteobacteria	Enterobacterales	Pasteurellaceae	None	None	0.10458550584232724	0.0997467942823931	0.004879301489470981	0.007707509881422925	0.03685897435897436	0.0	0.0	0.03251534356383554	0.0072992700729927005	0.0	0.0	0.04060180346762588	0.0	0.0	0.0	0.0	0.0	0.05420222945111715	0.0006809669731018046
H_haemolyticus_str_NCTC10839_id_GCA_900477945_1	22	22	Bacteria	Proteobacteria	Gammaproteobacteria	Enterobacterales	Pasteurellaceae	None	None	0.05212528725941012	0.08495189632929075	0.0	0.02776968031205319	0.0	0.0	0.10723945265929999	0.010850025680534154	0.004450095359186269	0.0034026707755521316	0.0	0.11833429953503742	0.0	0.0	0.0	0.014171566410372382	0.0	0.11398757389828287	0.07558154682631518
H_haemolyticus_str_M19345_id_GCA_003351405_1	22	22	Bacteria	Proteobacteria	Gammaproteobacteria	Enterobacterales	Pasteurellaceae	None	None	0.05846662350422282	0.019862035890744024	0.0	0.0	0.009271822704658525	0.0	0.01996210463658317	0.033432482714931114	0.0	0.012965475652042814	0.0	0.04736625904509117	0.00536261491317671	0.0	0.0462485113140135	0.0	0.0	0.007858669684395825	0.025373226358703538
H_haemolyticus_str_2019_19_id_GCA_019973675_1	22	22	Bacteria	Proteobacteria	Gammaproteobacteria	Enterobacterales	Pasteurellaceae	None	None	0.019102629419279062	0.07562454596352902	0.0	0.03443526170798898	0.0	0.020475020475020474	0.022669442516770763	0.10970046119869523	0.02615064477491473	0.0	0.0	0.05840823411701384	0.0	0.0	0.005585047555850476	0.015588578088578088	0.0	0.0	0.01319414238074525
H_haemolyticus_str_M19107_id_GCA_000222005_2	22	22	Bacteria	Proteobacteria	Gammaproteobacteria	Enterobacterales	Pasteurellaceae	None	None	0.5811824656113876	0.2066119622454465	0.0	0.0	0.0	0.0	0.0016025641025641025	0.15230173699173674	0.006198347107438016	0.0	0.0	0.05038558635548855	0.0	0.0	0.0012121212121212121	0.04231261233742673	0.0	0.3116647427780368	0.5522272390883967
H_haemolyticus_str_M19501_id_GCA_000222025_2	26	26	Bacteria	Proteobacteria	Gammaproteobacteria	Enterobacterales	Pasteurellaceae	None	None	0.2685967131944863	0.13056213104858955	0.0	0.0	0.0	0.0	0.007580887029796328	0.05200509670380829	0.027534965034965036	0.010970787090190075	0.0	0.07764292089643282	0.0	0.0	0.0	0.0	0.0	0.054774195104546605	0.20266961890269666
H_haemolyticus_str_M21127_id_GCA_000222045_2	23	12	Bacteria	Proteobacteria	Gammaproteobacteria	Enterobacterales	Pasteurellaceae	Haemophilus	None	0.11538505414195882	0.2836830139375627	0.0	0.0	0.0	0.012382158435345434	0.04887948330625333	0.026578493969798323	0.07691251829527095	0.0	0.0	0.0	0.0	0.0	0.0	0.0	0.0	0.019346785937174954	0.04906496716405716
H_haemolyticus_str_M21621_id_GCA_000222065_2	22	22	Bacteria	Proteobacteria	Gammaproteobacteria	Enterobacterales	Pasteurellaceae	None	None	0.2519364291265036	0.18697080741832386	0.0	0.027892561983471075	0.004079254079254079	0.0	0.0	0.04829367241653613	0.1032876104693312	0.0	0.0	0.06501545044147063	0.0	0.0	0.002383384405856316	0.0	0.0	0.061405915254512604	0.04735763431415605
H_influenzae_str_M10489_id_GCA_003494325_1	22	13	Bacteria	Proteobacteria	Gammaproteobacteria	Enterobacterales	Pasteurellaceae	Haemophilus	None	0.0	0.049449498623548284	0.0029258098223615466	0.0	0.0	0.0	0.0	0.006272920285659139	0.0	0.006256595808834615	0.0	0.023076923076923075	0.0	0.0	0.0	0.0	0.0	0.0	0.039039974839446386
H_influenzae_str_M14666_id_GCA_003494725_1	22	14	Bacteria	Proteobacteria	Gammaproteobacteria	Enterobacterales	Pasteurellaceae	Haemophilus	None	0.023387400980761974	0.025228360156589823	0.0	0.0013824375138243752	0.0	0.0	0.0	0.012390857729840781	0.0006082725060827251	0.0	0.0	0.00505050505050505	0.0	0.0	0.010247705268452157	0.010737812911725956	0.0	0.022444360618634477	0.004086508235885829
H_influenzae_str_M25147_id_GCA_003496925_1	22	22	Bacteria	Proteobacteria	Gammaproteobacteria	Enterobacterales	Pasteurellaceae	None	None	0.009569377990430622	0.009621765096217651	0.0	0.007575757575757575	0.0	0.007575757575757575	0.006414510064145101	0.014415669076686026	0.0	0.021294021294021293	0.0	0.041025458979294445	0.03337571519389701	0.0	0.0	0.0	0.0	0.0	0.0
H_influenzae_str_60295_NP_Hi1_id_GCA_004802075_1	22	14	Bacteria	Proteobacteria	Gammaproteobacteria	Enterobacterales	Pasteurellaceae	Haemophilus	None	0.011882308562806488	0.06675648709952497	0.0	0.0	0.0	0.0	0.0	0.0	0.0	0.02434578266935471	0.0	0.02460871065278567	0.01174668028600613	0.0	0.0	0.0	0.0	0.0	0.0
H_influenzae_str_P608_8895_id_GCA_003415305_1	22	14	Bacteria	Proteobacteria	Gammaproteobacteria	Enterobacterales	Pasteurellaceae	Haemophilus	None	0.0	0.0	0.0	0.0	0.0	0.0	0.0	0.0	0.0	0.0	0.0	0.0	0.0	0.0	0.0	0.0	0.0	0.0	0.0
H_influenzae_str_P677_2580_id_GCA_003414465_1	22	13	Bacteria	Proteobacteria	Gammaproteobacteria	Enterobacterales	Pasteurellaceae	Haemophilus	None	0.0	0.0	0.0	0.0	0.0	0.0	0.00021748586341887777	0.00740358126721763	0.0	0.0	0.0	0.0	0.0	0.0	0.0	0.0	0.0	0.0	0.0
H_influenzae_str_P645_8193_id_GCA_003414225_1	22	14	Bacteria	Proteobacteria	Gammaproteobacteria	Enterobacterales	Pasteurellaceae	Haemophilus	None	0.0	0.011235233692860811	0.0	0.0021280217909431394	0.0	0.0	0.0003443526170798898	0.0	0.0	0.0	0.0	0.012776065742167437	0.002696456086286595	0.0	0.010174740101747402	0.0	0.0	0.0	0.0
H_influenzae_str_60294_NP_Hi1_id_GCA_004802405_1	22	13	Bacteria	Proteobacteria	Gammaproteobacteria	Enterobacterales	Pasteurellaceae	Haemophilus	None	0.008304195804195804	0.05074957198167079	0.0	0.0	0.0	0.0	0.0	0.010511816731912425	0.0	0.0152621101526211	0.0	0.01816924431032315	0.0	0.0	0.0	0.0	0.0	0.0	0.03291286066405684
H_influenzae_str_P603_4482_id_GCA_003415355_2	22	13	Bacteria	Proteobacteria	Gammaproteobacteria	Enterobacterales	Pasteurellaceae	Haemophilus	None	0.0	0.009859359141655793	0.0	0.0	0.0	0.0	0.011363636363636364	0.0	0.0	0.0	0.0	0.0	0.0	0.0	0.0	0.0	0.0	0.060388574742641726	0.0
H_influenzae_str_60373_BAL_Hi1_id_GCA_004802295_1	22	12	Bacteria	Proteobacteria	Gammaproteobacteria	Enterobacterales	Pasteurellaceae	Haemophilus	None	0.01338199513381995	0.019084781387020064	0.011127876273104489	0.0	0.0	0.0	0.0015035854730511217	0.004866180048661801	0.0	0.0	0.0	0.0	0.0	0.0	0.0	0.0	0.0	0.0	0.00044238000442380006
H_influenzae_str_1P16H5_id_GCA_002991295_1	22	22	Bacteria	Proteobacteria	Gammaproteobacteria	Enterobacterales	Pasteurellaceae	None	None	0.015727509411912633	0.001092001092001092	0.0	0.0	0.0	0.0	0.0	0.0	0.0	0.0	0.0	0.0	0.0	0.0	0.019243530192435302	0.0	0.0	0.010635198135198136	0.0
H_influenzae_str_PN134_id_GCA_013402015_1	22	22	Bacteria	Proteobacteria	Gammaproteobacteria	Enterobacterales	Pasteurellaceae	None	None	0.025010874293170945	0.03319502074688797	0.0	0.01919191919191919	0.0	0.0	0.048513986013986016	0.0	0.0	0.0	0.0	0.0	0.0	0.0	0.0	0.015588578088578088	0.0	0.008699434536755112	0.026094393076068312
H_influenzae_str_PTHi_1402_id_GCA_900407805_1	22	14	Bacteria	Proteobacteria	Gammaproteobacteria	Enterobacterales	Pasteurellaceae	Haemophilus	None	0.0	0.0	0.0	0.0	0.0	0.0	0.039440203562340966	0.0	0.0	0.0	0.0	0.02064633420565624	0.0	0.0	0.0	0.0	0.0	0.0	0.009677062596770626
H_influenzae_str_PTHi_8273_id_GCA_900408165_1	22	15	Bacteria	Proteobacteria	Gammaproteobacteria	Enterobacterales	Pasteurellaceae	Haemophilus	None	0.055734144302154724	0.028228341506349806	0.004000680966973102	0.0	0.0	0.0	0.0	0.0	0.0	0.0	0.0	0.016795865633074936	0.0	0.011889227200231984	0.0	0.011946386946386946	0.0	0.0	0.05154414963027403
H_influenzae_str_60370_BAL_Hi2_id_GCA_004802355_1	22	14	Bacteria	Proteobacteria	Gammaproteobacteria	Enterobacterales	Pasteurellaceae	Haemophilus	None	0.012607830126078301	0.016997234595809665	0.012005649717514123	0.0	0.0	0.0	0.0	0.0	0.0	0.0	0.0	0.011321075927817502	0.0	0.0	0.0	0.0	0.0	0.007974481658692184	0.003697259678120922
H_influenzae_str_P612_8066_id_GCA_003415255_1	22	14	Bacteria	Proteobacteria	Gammaproteobacteria	Enterobacterales	Pasteurellaceae	Haemophilus	None	0.01232419892706974	0.0030966600309666	0.0	0.0	0.0	0.0	0.0	0.005846850245190494	0.019085081585081584	0.0	0.0	0.011253614988054822	0.01050275482093664	0.0	0.02220797602963208	0.0	0.0	0.0	0.007138694638694639
H_influenzae_str_1_id_GCA_003203015_1	22	22	Bacteria	Proteobacteria	Gammaproteobacteria	Enterobacterales	Pasteurellaceae	None	None	0.041488287338909746	0.05438686899361057	0.0	0.0	0.0	0.0	0.0	0.00165892501658925	0.0	0.0	0.0	0.0	0.0	0.0	0.0	0.0	0.0	0.0	0.0
H_influenzae_str_PTHi_13064_id_GCA_900407625_1	22	13	Bacteria	Proteobacteria	Gammaproteobacteria	Enterobacterales	Pasteurellaceae	Haemophilus	None	0.04978157487281575	0.0	0.0	0.013513513513513514	0.009279396839205452	0.0	0.0	0.0	0.0	0.0	0.0	0.05727488245736421	0.0	0.0	0.0	0.0	0.0	0.03533257890104363	0.0
H_influenzae_str_124P40H1_id_GCA_002991045_1	22	22	Bacteria	Proteobacteria	Gammaproteobacteria	Enterobacterales	Pasteurellaceae	None	None	0.06687951482764448	0.07724065732337569	0.0	0.0	0.0	0.0	0.006359212563592126	0.03477858879522147	0.0	0.0	0.0	0.02521799475002263	0.0006915629322268327	0.0	0.0	0.0	0.0	0.0	0.05719878207916485
H_influenzae_str_24_id_GCA_003203275_1	22	14	Bacteria	Proteobacteria	Gammaproteobacteria	Enterobacterales	Pasteurellaceae	Haemophilus	None	0.01495398477640552	0.001050652510506525	0.0	0.0	0.0	0.0	0.013532269257460096	0.016116579810847326	0.0	0.0	0.0	0.02434962148655095	0.0	0.0	0.0	0.0	0.0	0.0	0.0
H_influenzae_str_WAPHL1_id_GCA_002237715_1	22	22	Bacteria	Proteobacteria	Gammaproteobacteria	Enterobacterales	Pasteurellaceae	None	None	0.10796572149311875	0.015248021617448369	0.0	0.0	0.0	0.0	0.0	0.0	0.004598221016131464	0.0	0.0	0.07552660753880266	0.0	0.0	0.0	0.0	0.0	0.0	0.0
H_influenzae_str_149P2H1_id_GCA_002991135_1	22	22	Bacteria	Proteobacteria	Gammaproteobacteria	Enterobacterales	Pasteurellaceae	None	None	0.2753465255527621	0.08225108225108226	0.020442520442520443	0.017628205128205128	0.014033641463824688	0.0	0.00829462508294625	0.01403951116058812	0.0	0.0	0.0	0.0	0.0	0.0	0.037356162356162355	0.0	0.0	0.0683020683020683	0.06994134897360704
H_influenzae_str_HI1408_id_GCA_001184705_1	22	22	Bacteria	Proteobacteria	Gammaproteobacteria	Enterobacterales	Pasteurellaceae	None	None	0.04342467739596926	0.02795141349520146	0.0	0.0	0.0	0.0	0.0	0.0034797738147020443	0.0010144722758625784	0.0	0.0	0.0	0.0	0.0	0.0	0.0	0.0	0.011381760185587937	0.006452080614760041
H_influenzae_str_PTHi_3421_id_GCA_900407925_1	22	13	Bacteria	Proteobacteria	Gammaproteobacteria	Enterobacterales	Pasteurellaceae	Haemophilus	None	0.023390842733908426	0.0	0.010008847600088477	0.016242937853107344	0.0	0.0	0.0	0.01735194266314598	0.0	0.0	0.0	0.001087429317094389	0.0	0.0	0.0	0.0	0.0	0.03485350375302529	0.00210130502101305
H_influenzae_str_40P92H1_id_GCA_002985345_1	22	13	Bacteria	Proteobacteria	Gammaproteobacteria	Enterobacterales	Pasteurellaceae	Haemophilus	None	0.016346032943543316	0.021108521108521107	0.0	0.0	0.0	0.0	0.025203962703962704	0.0303030303030303	0.0	0.0	0.0	0.003618272274988693	0.030149219467401286	0.0	0.0	0.0	0.0	0.0	0.014623850444745966
H_influenzae_str_839_HINF_id_GCA_001059185_1	22	22	Bacteria	Proteobacteria	Gammaproteobacteria	Enterobacterales	Pasteurellaceae	None	None	0.09107220530665507	0.13318754201821517	0.0011059500110595002	0.015747361252979233	0.02320502320502321	0.0	0.009931854429462084	0.0454454590886375	0.04222976750292326	0.03443526170798898	0.0	0.02297809145245865	0.0	0.0	0.03987896323662747	0.029395872601614227	0.0	0.18086191521995465	0.0
H_influenzae_str_51P4H_id_GCA_002985485_1	22	22	Bacteria	Proteobacteria	Gammaproteobacteria	Enterobacterales	Pasteurellaceae	None	None	0.09766541184555365	0.0	0.0	0.0	0.0	0.0	0.0	0.0	0.0	0.0	0.0	0.025805166063082304	0.017797017797017797	0.0	0.0	0.0	0.0	0.0	0.0
H_influenzae_str_148P4H1_id_GCA_002985005_1	22	13	Bacteria	Proteobacteria	Gammaproteobacteria	Enterobacterales	Pasteurellaceae	Haemophilus	None	0.0	0.0	0.0	0.0	0.0	0.0	0.014110571362479759	0.0	0.0	0.0	0.0	0.08379749608774788	0.05063223813223813	0.0	0.03243105209397344	0.0	0.0	0.0	0.005029548598013328
H_influenzae_str_PTHi_5709_id_GCA_900408095_1	21	21	Bacteria	Proteobacteria	Gammaproteobacteria	Enterobacterales	Pasteurellaceae	None	None	0.0	0.02502606882168926	0.0	0.0	0.0	0.0	0.0	0.0	0.0	0.0	0.0	0.008481764206955048	0.0	0.0	0.0	0.0	0.0	0.03546250991506466	0.04863891330056744
H_influenzae_str_492_HINF_id_GCA_001076835_1	22	14	Bacteria	Proteobacteria	Gammaproteobacteria	Enterobacterales	Pasteurellaceae	Haemophilus	None	0.002820172528201725	0.003350815850815851	0.0	0.0	0.0	0.0	0.0	0.0	0.0	0.0	0.0	0.01240667545015371	0.0	0.0	0.00564034505640345	0.0	0.0	0.008336958097723647	0.007688828584350973
H_influenzae_str_RHH_3_id_GCA_015694745_1	22	13	Bacteria	Proteobacteria	Gammaproteobacteria	Enterobacterales	Pasteurellaceae	Haemophilus	None	0.03941908713692946	0.02682325648832826	0.0	0.0	0.0	0.0	0.023892773892773892	0.0	0.0	0.0	0.0	0.019481009141152736	0.0	0.0	0.01896588260224624	0.0	0.0	0.0	0.0
H_influenzae_str_19P81H1_id_GCA_002985065_1	22	22	Bacteria	Proteobacteria	Gammaproteobacteria	Enterobacterales	Pasteurellaceae	None	None	0.025252525252525252	0.0	0.0	0.03970360539703605	0.0	0.0	0.0	0.0	0.0	0.0	0.0	0.0	0.0	0.0	0.0	0.008492569002123142	0.0	0.01756417679984559	0.0
H_influenzae_str_40P44H1_id_GCA_002985305_1	22	13	Bacteria	Proteobacteria	Gammaproteobacteria	Enterobacterales	Pasteurellaceae	Haemophilus	None	0.03697550717597517	0.0	0.0	0.0	0.0	0.0	0.0	0.008046976946498478	0.01202020202020202	0.0	0.0	0.05905385019021383	0.05315806366385254	0.0	0.0	0.0	0.0	0.0	0.017486404877458898
H_influenzae_str_PTHi_2060_id_GCA_900407905_1	22	14	Bacteria	Proteobacteria	Gammaproteobacteria	Enterobacterales	Pasteurellaceae	Haemophilus	None	0.008417508417508417	0.008327550312283136	0.0	0.0	0.0	0.0	0.0	0.0035516076491524397	0.0	0.0008847600088476001	0.0	0.05970802898848919	0.012092074592074592	0.0	0.0	0.0	0.0	0.0	0.03618272274988693
H_influenzae_str_M03842_id_GCA_003491005_1	22	13	Bacteria	Proteobacteria	Gammaproteobacteria	Enterobacterales	Pasteurellaceae	Haemophilus	None	0.03447015570543931	0.00858907546805636	0.0	0.0	0.0	0.0	0.0	0.0	0.0	0.0	0.0	0.025252525252525252	0.0	0.0	0.0	0.0	0.0	0.0	0.045599536030158046
H_influenzae_str_P658_8889_id_GCA_003414605_1	22	14	Bacteria	Proteobacteria	Gammaproteobacteria	Enterobacterales	Pasteurellaceae	Haemophilus	None	0.017494647519444084	0.02308297016326213	0.013739085772984078	0.0	0.0	0.0	0.0	0.011536632694942	0.0	0.0	0.0	0.07972655980498126	0.0	0.0	0.022470467385721622	0.0	0.0	0.0	0.021577266631897782
H_influenzae_str_P596_8591_id_GCA_003415525_1	22	14	Bacteria	Proteobacteria	Gammaproteobacteria	Enterobacterales	Pasteurellaceae	Haemophilus	None	0.0152621101526211	0.013510905230650454	0.0	0.0	0.0	0.0	0.0	0.01972101972101972	0.007361711269789362	0.0	0.0	0.05961814949041226	0.0	0.0	0.0	0.0	0.0	0.0	0.014583544213632053
H_influenzae_str_841_HINF_id_GCA_001058575_1	22	14	Bacteria	Proteobacteria	Gammaproteobacteria	Enterobacterales	Pasteurellaceae	Haemophilus	None	5.1789544261181755	3.733653908243529	0.03560768783045285	0.0	0.3056850447687913	0.006493506493506493	0.022525454460923335	2.2764873267216306	0.10219194165965431	0.05997533638625057	0.0	0.0008285984848484849	0.012287049600482436	0.01421518556350017	0.1394838048712412	0.40540490069481055	0.0	3.109009687541371	3.328551644157929
H_influenzae_str_159_HINF_id_GCA_001055565_1	22	15	Bacteria	Proteobacteria	Gammaproteobacteria	Enterobacterales	Pasteurellaceae	Haemophilus	None	3.584132272037994	2.198531929969354	0.019240019240019238	0.0	0.11979816772908819	0.0	0.0	0.383413560006116	0.02024057367568818	0.08055306936190144	0.0	0.060757013802703486	0.0	0.0	0.28276547937261387	0.3060514372394952	0.0	1.594354680336138	3.001664330936521
H_influenzae_str_AS1_id_GCA_021391215_1	22	14	Bacteria	Proteobacteria	Gammaproteobacteria	Enterobacterales	Pasteurellaceae	Haemophilus	None	0.05744971438402095	0.028478212784782127	0.0	0.0	0.0	0.0	0.03379948381663795	0.0	0.0	0.0	0.0	0.07102829516330195	0.0	0.0	0.0	0.0	0.0	0.02125914439347275	0.009501797637390856
H_influenzae_str_39P18H1_id_GCA_002990315_1	22	22	Bacteria	Proteobacteria	Gammaproteobacteria	Enterobacterales	Pasteurellaceae	None	None	0.05415397999130057	0.0	0.0	0.0	0.0	0.0	0.00763105507631055	0.008001361933946204	0.0	0.0	0.0	0.0	0.0	0.0	0.01926040061633282	0.0	0.0	0.019354125193541252	0.0
H_influenzae_str_39P25H_id_GCA_002991365_1	22	22	Bacteria	Proteobacteria	Gammaproteobacteria	Enterobacterales	Pasteurellaceae	None	None	0.0	0.0	0.0	0.0	0.0	0.0	0.0	0.007188675071886751	0.0	0.0	0.0	0.02185981956974323	0.0	0.0	0.0	0.0	0.0	0.0076700616119703266	0.00976107226107226
H_influenzae_str_AS012764_id_GCA_010604085_1	22	14	Bacteria	Proteobacteria	Gammaproteobacteria	Enterobacterales	Pasteurellaceae	Haemophilus	None	0.018140651108641607	0.009007990351273932	0.0	0.0	0.0	0.0	0.0	0.008481948673336234	0.0	0.0	0.0	0.02606944137662638	0.014436868827574795	0.0	0.0	0.0	0.0	0.00598477821473015	0.0
H_influenzae_str_12P37H2_id_GCA_002984945_1	22	13	Bacteria	Proteobacteria	Gammaproteobacteria	Enterobacterales	Pasteurellaceae	Haemophilus	None	0.007087433876844487	0.01423381874084565	0.02488780939162619	0.00375494071146245	0.0	0.0	0.0	0.005806237558062376	0.0	0.0	0.0	0.016337285902503294	0.0	0.0	0.0	0.0	0.0	0.0	0.012276045122760452
H_influenzae_str_NCTC8143_id_GCA_001457655_1	22	22	Bacteria	Proteobacteria	Gammaproteobacteria	Enterobacterales	Pasteurellaceae	None	None	0.013774104683195593	0.04507948414644702	0.017676767676767676	0.0	0.0	0.0	0.014819730148197301	0.015815085158150853	0.0	0.0	0.0	0.19227151045206983	0.012674825174825176	0.0	0.0	0.0	0.0	0.04316179627382947	0.060417452533635105
H_influenzae_str_NCTC11931_id_GCA_900475535_1	22	22	Bacteria	Proteobacteria	Gammaproteobacteria	Enterobacterales	Pasteurellaceae	None	None	0.004784688995215311	0.010343822843822844	0.0	0.0	0.0	0.0	0.0	0.0	0.002026635784597568	0.0004522840343735866	0.0	0.019958202716823407	0.0	0.0	0.0017337554650987486	0.021043771043771045	0.0	0.0	0.03160794548354357
H_influenzae_str_CHBN_IV_1_id_GCA_019703735_1	22	13	Bacteria	Proteobacteria	Gammaproteobacteria	Enterobacterales	Pasteurellaceae	Haemophilus	None	0.017447648245544487	0.018641955117863124	0.0	0.0	0.0	0.0	0.0	0.0	0.0	0.0	0.0	0.0	0.013257575757575758	0.0	0.0	0.0	0.0	0.00820304960432349	0.0
H_influenzae_str_M21384_id_GCA_003351425_1	21	21	Bacteria	Proteobacteria	Gammaproteobacteria	Enterobacterales	Pasteurellaceae	None	None	0.006868131868131867	0.0	0.0	0.0	0.0	0.0	0.0	0.0	0.0	0.033730158730158735	0.0	0.006878306878306878	0.0038314176245210726	0.0	0.12508325008325008	0.0	0.0	0.0	0.0
H_influenzae_str_22_4_21_id_GCA_000169855_1	24	14	Bacteria	Proteobacteria	Gammaproteobacteria	Enterobacterales	Pasteurellaceae	Haemophilus	None	0.004234417344173441	0.0	0.0	0.0	0.0	0.0	0.0	0.0	0.0	0.0	0.0	0.013312682081351182	0.01065891472868217	0.0	0.046435185185185184	0.0	0.0	0.048087002096436064	0.07393452472260571
H_influenzae_str_F3039_id_GCA_005888205_1	22	14	Bacteria	Proteobacteria	Gammaproteobacteria	Enterobacterales	Pasteurellaceae	Haemophilus	None	0.01427610894873124	0.0	0.0	0.0	0.0	0.0	0.0	0.0	0.0	0.0	0.0	0.0	0.0	0.0	0.0	0.008346173600410888	0.0	0.0	0.012025012025012024
H_influenzae_str_CGSHiCZ412602_id_GCA_000698365_1	22	22	Bacteria	Proteobacteria	Gammaproteobacteria	Enterobacterales	Pasteurellaceae	None	None	0.0	0.0	0.0	0.0	0.0	0.0	0.0	0.0	0.0	0.0	0.0	0.020238885202388854	0.0044137022397891966	0.0	0.013257575757575758	0.0	0.0	0.0	0.0
H_influenzae_str_PittHH_id_GCA_000169815_1	23	14	Bacteria	Proteobacteria	Gammaproteobacteria	Enterobacterales	Pasteurellaceae	Haemophilus	None	0.0	0.0	0.0	0.0	0.005219847703267011	0.0	0.0	0.000630119722747322	0.0	0.0	0.0	0.11612955786299774	0.0	0.0	0.0	0.0	0.0	0.006416639008739905	0.01920809929963248
H_massiliensis_str_NA_id_GCA_000752475_1	22	15	Bacteria	Proteobacteria	Gammaproteobacteria	Enterobacterales	Pasteurellaceae	Necropsobacter	Necropsobacter massiliensis	0.0	0.0	0.0	0.0	0.0	0.0	0.0	0.0	0.0	0.0	0.0	0.0	0.0	0.0	0.0	0.0	0.0	0.0	0.0
H_parahaemolyticus_str_NCTC10794_id_GCA_900450875_1	22	22	Bacteria	Proteobacteria	Gammaproteobacteria	Enterobacterales	Pasteurellaceae	None	None	0.5334277337266253	0.2972679509144399	0.014312047423923814	0.01949430611850994	0.0	0.0	0.0	0.3361532777339265	0.0	0.0	0.0	4.5054309410035485	0.006389986824769434	0.0	0.0	0.0	0.0	0.10132861119943302	0.010493783078229268
H_parahaemolyticus_str_C2006000788_id_GCA_003252925_1	22	8	Bacteria	Proteobacteria	Gammaproteobacteria	Enterobacterales	Pasteurellaceae	Haemophilus	Haemophilus parahaemolyticus	0.8601701455998576	0.7139678522243084	0.07644988645470006	0.16243110501727911	0.0	0.0	0.20584426229594285	0.19963458243140011	0.0	0.0	0.0	3.7529374990505406	0.03228848683394137	0.0	0.0	0.0	0.0	0.03835653835653836	0.0
H_parahaemolyticus_str_C2010039593_id_GCA_003253075_1	22	22	Bacteria	Proteobacteria	Gammaproteobacteria	Enterobacterales	Pasteurellaceae	None	None	0.8388649032893677	0.8802961163759928	0.0	0.1302018297994042	0.0	0.0	0.0704998719506183	0.6886939482853977	0.0	0.0	0.0	3.8854049686665193	0.0	0.0	0.035739000582750584	0.0	0.0	0.008096229470275272	0.04368161601961123
H_parahaemolyticus_str_G321_id_GCA_000826045_1	22	22	Bacteria	Proteobacteria	Gammaproteobacteria	Enterobacterales	Pasteurellaceae	None	None	0.72952005181372	0.9219091483687177	0.04911402157164869	0.08304289044289044	0.0	0.0	0.1509533363733069	0.5017142287159827	0.0	0.0	0.0	3.219749798484555	0.00940057509400575	0.0	0.0	0.012421512421512421	0.0	0.03690238173958067	0.013105507631055075
H_parahaemolyticus_str_NCTC_8479_id_GCA_900450675_1	22	10	Bacteria	Proteobacteria	Gammaproteobacteria	Enterobacterales	Pasteurellaceae	Haemophilus	Haemophilus parahaemolyticus	0.4427799557212149	0.09843377323640734	0.023792613636363636	0.05198637088589242	0.0	0.0	0.09438040703930971	0.49054696655559943	0.0	0.0	0.0	6.70121771132548	0.0003443526170798898	0.0	0.0704239087408687	0.0	0.03439973157281087	0.02116851491102499	0.015498496414526948
H_parainfluenzae_str_C2004002727_id_GCA_003252885_1	22	14	Bacteria	Proteobacteria	Gammaproteobacteria	Enterobacterales	Pasteurellaceae	Haemophilus	None	4.585636317405513	2.963742667972283	0.05307558342041101	0.0	0.20989231968863012	0.03308623905687795	0.0008512087163772557	0.8007510305623531	0.07609442438998658	0.27477799932540087	0.0	0.02606574216743708	0.0	0.004976775049767751	0.1609095311896545	0.5774444966290451	0.0	2.8265516777404343	2.9622714190519743
H_parainfluenzae_str_C2005004058_id_GCA_003252915_1	22	15	Bacteria	Proteobacteria	Gammaproteobacteria	Enterobacterales	Pasteurellaceae	Haemophilus	None	4.966870015401333	3.4228551001698317	0.004013256902316995	0.0004976775049767751	0.13962076094448808	0.0	0.02913752913752914	0.38743152857755125	0.013704460333673818	0.11186271251292895	0.0	0.020446620407875735	0.0	0.02913752913752914	0.3451832942041817	0.44430309123380396	0.0	2.9944122211013364	4.557297692671395
H_parainfluenzae_str_C2004002729_id_GCA_003252795_1	22	14	Bacteria	Proteobacteria	Gammaproteobacteria	Enterobacterales	Pasteurellaceae	Haemophilus	None	6.062949976269052	4.572254641377679	0.11957446337881118	0.0	0.20273458479917766	0.04169855825043014	0.0	0.6563479832801327	0.08033263006089092	0.18541924321627842	0.0	0.0	0.017797017797017797	0.002560033851687295	0.27518558396476817	0.3044741014640704	0.0	4.4324347268159325	4.068396068865204
H_parainfluenzae_str_60884_B_Hi_2_id_GCA_001949895_1	22	14	Bacteria	Proteobacteria	Gammaproteobacteria	Enterobacterales	Pasteurellaceae	Haemophilus	None	3.9574181936638126	3.3941201673982153	0.06776859504132232	0.0	0.029101256373983645	0.027191091954022986	0.0	0.33287827370242107	0.02913752913752914	0.05456540456540457	0.0	0.0	0.0	0.0	0.13857558707513434	0.1525054281917959	0.0	1.7340921709328576	3.387956657717372
H_parainfluenzae_str_UMB0748_id_GCA_002884755_1	22	14	Bacteria	Proteobacteria	Gammaproteobacteria	Enterobacterales	Pasteurellaceae	Haemophilus	None	4.855629818109246	3.4394289809831635	0.077908546545087	0.032652055040114744	0.1553901695022689	0.0	0.004937010554988083	0.5552231382204108	0.041702937449825415	0.3722788474594718	0.0	0.0	0.0031228313671061766	0.0	0.16278867938122277	0.45832070468362074	0.0	2.9486212774602834	3.7096209382591225
H_parainfluenzae_str_ATCC_9796_id_GCA_001680775_1	22	14	Bacteria	Proteobacteria	Gammaproteobacteria	Enterobacterales	Pasteurellaceae	Haemophilus	None	4.6020490857782	3.710686790888526	0.03651269781830455	0.0	0.13345965400875934	0.012028683784408974	0.0	0.6309149873323759	0.0662734212352533	0.13344025594618136	0.0	0.004545454545454546	0.0	0.0	0.14945068167306105	0.6853925244713154	0.0	2.9326083267065117	2.790132824152515
H_parainfluenzae_str_C2006002596_id_GCA_003252755_1	22	15	Bacteria	Proteobacteria	Gammaproteobacteria	Enterobacterales	Pasteurellaceae	Haemophilus	None	4.55978222147664	3.678714674960149	0.07143428463219542	0.0	0.031836893452054156	0.0063613231552162855	0.0	2.5724529312206426	0.09449917479114558	0.0892106055008496	0.0217441591487393	0.021696455210702157	0.0	0.015834015834015832	0.15658728427348123	0.30835518570618387	0.0	3.073511082284782	3.5064496797019093
H_parainfluenzae_str_65114_B_Hi_3_id_GCA_001949885_1	22	14	Bacteria	Proteobacteria	Gammaproteobacteria	Enterobacterales	Pasteurellaceae	Haemophilus	None	5.042952831134042	3.1999655911250997	0.02902097902097902	0.0	0.05547334357235976	0.0	0.0	0.6939150629619469	0.010926573426573426	0.21847489437610165	0.0	0.0	0.0	0.0	0.09301579922017877	0.196204649410617	0.0	1.65737814541372	4.395734285597351
H_parainfluenzae_str_Haemophilus_parainfluenzae_BgEED17_id_GCA_901873375_1	22	14	Bacteria	Proteobacteria	Gammaproteobacteria	Enterobacterales	Pasteurellaceae	Haemophilus	None	4.4300934570655395	2.4974632025765824	0.12980683001869442	0.01928374655647383	0.06662447025042445	0.0	0.0	0.8618450329630449	0.0021860394994723353	0.16435996381251855	0.0	0.04983316915135096	0.0	0.0	0.29230247863366315	0.12177426821911719	0.0	1.4989517675406823	4.09439371753027
H_parainfluenzae_str_209_HPAR_id_GCA_001055885_1	22	14	Bacteria	Proteobacteria	Gammaproteobacteria	Enterobacterales	Pasteurellaceae	Haemophilus	None	7.184371666546008	4.981902033036385	0.07943624523001697	0.0	0.10550222194154468	0.0	0.0	0.6419142364590711	0.04305434327904848	0.23177298703433102	0.0	0.03128113997862442	0.0	0.0	0.4011098720450438	0.6720963932756718	0.0	5.396649976488354	4.5961591790817256
H_parainfluenzae_str_C2004000280_id_GCA_003252725_1	22	14	Bacteria	Proteobacteria	Gammaproteobacteria	Enterobacterales	Pasteurellaceae	Haemophilus	None	9.077370687206074	5.241655371209689	0.0394170099226279	0.007639958911145352	0.1635432936892791	0.055652680652680656	0.020867293625914315	0.5653451622080423	0.009009009009009009	0.11748018413175769	0.01716382575757576	0.0	0.0	0.0	0.2603448005151503	0.24971084833808496	0.0	2.273360423163564	4.702851275779984
H_parainfluenzae_str_CCUG_58848_id_GCA_001679405_1	22	15	Bacteria	Proteobacteria	Gammaproteobacteria	Enterobacterales	Pasteurellaceae	Haemophilus	None	5.07180824057576	3.0691424037037636	0.08718618032921706	0.0	0.12885790153108648	0.0	0.045454545454545456	0.5318910643478683	0.018223872459308788	0.1573437083369498	0.0	0.0	0.005204718945176961	0.0	0.285444540724411	0.04127890359013976	0.0	3.1031390347340757	3.2446594451794395
H_parainfluenzae_str_M1C111_2_id_GCA_014982385_1	22	14	Bacteria	Proteobacteria	Gammaproteobacteria	Enterobacterales	Pasteurellaceae	Haemophilus	None	6.4919153766727	5.063337902733758	0.014322916666666668	0.0	0.17440055190917045	0.0	0.02356096853704509	0.8084392178138647	0.07185221307358712	0.26469154822685187	0.020951704545454544	0.06721754057428216	0.03715924734733512	0.0022671975226719755	0.422430699170685	0.9964193851961398	0.0	3.658545753465991	4.067798003170974
H_parainfluenzae_str_432_HPAR_id_GCA_001055095_1	22	14	Bacteria	Proteobacteria	Gammaproteobacteria	Enterobacterales	Pasteurellaceae	Haemophilus	None	6.223795280099321	4.199614577656421	0.16337337094151927	0.0	0.3183377938621415	0.0	0.0	0.46433813303586147	0.017785964350273437	0.08539741888282033	0.0	0.007913530206523836	0.0	0.002632254750898819	0.2154407834943439	0.6214937394561049	0.0	4.989044378421993	4.049767128874287
H_parainfluenzae_str_146_HPAR_id_GCA_001053575_1	22	14	Bacteria	Proteobacteria	Gammaproteobacteria	Enterobacterales	Pasteurellaceae	Haemophilus	None	5.792831532329732	4.678171138568943	0.08150978943914501	0.0	0.4218844238393559	0.0	0.0	0.8116361326398291	0.07217646354325119	0.3817203309023546	0.018505667360629193	0.010617120106171201	0.005411255411255411	0.0	0.39227057940688953	0.963690840860997	0.0	3.5911492671543384	4.074628255227223
H_parainfluenzae_str_M1C116_1_id_GCA_014982375_1	22	15	Bacteria	Proteobacteria	Gammaproteobacteria	Enterobacterales	Pasteurellaceae	Haemophilus	None	5.53296740021098	3.9047206789042406	0.0071501532175689475	0.0	0.1350634851983593	0.0068239648392320156	0.01713414800842013	0.6211386357512764	0.03404834865509023	0.14905812642450655	0.0	0.008285984848484848	0.0	0.0	0.1033261138727124	0.23592873141994686	0.0	2.7424841586006696	4.971368310058077
H_parainfluenzae_str_C2008001710_id_GCA_003252775_1	22	14	Bacteria	Proteobacteria	Gammaproteobacteria	Enterobacterales	Pasteurellaceae	Haemophilus	None	5.711199200257135	4.119045345904685	0.07095007607438157	0.0	0.0843172029119735	0.01557711950970378	0.0	0.6509036503794426	0.03882787524941549	0.10260696990357193	0.0	0.01707070707070707	0.00012573871495033322	0.0	0.8042960846571385	0.3919383991339092	0.0	2.7262553582823266	10.952074113621505
H_parainfluenzae_str_LC_1315_18_id_GCA_008868695_1	23	16	Bacteria	Proteobacteria	Gammaproteobacteria	Enterobacterales	Pasteurellaceae	Haemophilus	None	1.9863898745656428	1.5831504072614053	0.0005538631957906397	0.0	0.011616329239960173	0.019104084321475624	0.0023073040594130795	0.48170283151395965	0.019471180440314196	0.015801651948906786	0.0	0.0	0.0	0.0	0.24029180031258338	0.06085247275679801	0.0	0.6567706608224618	1.6756728191598622
H_parainfluenzae_str_488_HPAR_id_GCA_001057005_1	22	14	Bacteria	Proteobacteria	Gammaproteobacteria	Enterobacterales	Pasteurellaceae	Haemophilus	None	4.934610353365129	2.9661250980730944	0.014890282131661442	0.0	0.0364615564320313	0.023227433675194867	0.025932400932400932	0.33862142519281124	0.03440325291899505	0.23418058248828946	0.0	0.0	0.0	0.014811031664964251	0.1930688141131591	0.4211008756812429	0.0	2.8087175794978845	4.712892172380356
H_parainfluenzae_str_137_HINF_id_GCA_001053535_1	22	15	Bacteria	Proteobacteria	Gammaproteobacteria	Enterobacterales	Pasteurellaceae	Haemophilus	None	5.823929650405869	3.442143728937566	0.10277415148880015	0.012211668928086838	0.02836399773052388	0.0	0.0	0.547016548076203	0.047247740182522785	0.2204490157199914	0.0	0.030553114494720333	0.0	0.0	0.35368055143228116	0.43865975147561026	0.0	2.949287332112371	4.319030979737482
H_parainfluenzae_str_1128_HPAR_id_GCA_001053915_1	22	14	Bacteria	Proteobacteria	Gammaproteobacteria	Enterobacterales	Pasteurellaceae	Haemophilus	None	4.07435739381088	3.0514771202476534	0.0	0.0	0.1343278722233078	0.0	0.0	0.46793893029957084	0.05306672734058626	0.12327519999784041	0.0	0.0	0.0	0.0	0.19846620551166005	0.26696089491867503	0.0	1.580445518574551	4.182753081388699
H_parainfluenzae_str_155_HPAR_id_GCA_001054475_1	22	15	Bacteria	Proteobacteria	Gammaproteobacteria	Enterobacterales	Pasteurellaceae	Haemophilus	None	4.730002851738657	2.114531820145537	0.03340351817971527	0.0	0.19869187081910827	0.0	0.0	0.3295616695145274	0.011102417573710742	0.0753415885826953	0.0	0.0	0.0	0.02913752913752914	0.18379009663410528	0.05446355446355446	0.0	1.700106492448215	3.4099147488887933
H_parainfluenzae_str_1209_HPAR_id_GCA_001053035_1	22	17	Bacteria	Proteobacteria	Gammaproteobacteria	Enterobacterales	Pasteurellaceae	Haemophilus	None	2.846637116759464	2.228815532945356	0.047049006972671094	0.0	0.021255739210284664	0.0	0.0	0.4339278495226298	0.004815100154083205	0.10668291313693383	0.0	0.024454593784737324	0.0	0.0	0.14416431711810115	0.12310737232279846	0.0	1.060958390171547	1.6928884058714482
H_parainfluenzae_str_901_HPAR_id_GCA_001059815_1	22	14	Bacteria	Proteobacteria	Gammaproteobacteria	Enterobacterales	Pasteurellaceae	Haemophilus	None	6.703496268796662	5.308017145619974	0.09211393444086736	0.0	0.3555957423726168	0.040202020202020204	0.023076923076923075	1.5814399997632025	0.04629049111807733	0.17240065372284918	0.0	0.0473878413231607	0.002326166226581164	0.004534395045343951	0.6624808825564569	0.4431816048696749	0.0038461538461538464	4.749138201078692	5.445148100282267
H_parainfluenzae_str_COPD_014_E1_O_id_GCA_009914785_1	22	14	Bacteria	Proteobacteria	Gammaproteobacteria	Enterobacterales	Pasteurellaceae	Haemophilus	None	4.079521119664474	3.0944572695618686	0.07838168363327132	0.0	0.0848782012659378	0.0	0.0	0.4530938010710983	0.0561471447173621	0.13087184307668573	0.0	0.0027548209366391185	0.0	0.0	0.24727316640111274	0.37385031244035005	0.0	2.725956293958023	2.9793411200756066
H_parainfluenzae_str_NCTC10672_id_GCA_900450995_1	22	14	Bacteria	Proteobacteria	Gammaproteobacteria	Enterobacterales	Pasteurellaceae	Haemophilus	None	3.8353855791004223	2.4881727948326953	0.10577170005136106	0.0	0.09183314216610654	0.0	0.0	0.4463540659539877	0.007913530206523836	0.024285921415108016	0.0002913752913752914	0.13412893104749088	0.02434240406214392	0.0	0.28191646059231623	0.19848218257749248	0.0	2.0763901057392973	3.4138834860785234
H_parainfluenzae_str_M1C137_2_id_GCA_014931395_1	22	14	Bacteria	Proteobacteria	Gammaproteobacteria	Enterobacterales	Pasteurellaceae	Haemophilus	None	5.767184162730495	4.005024039827614	0.2569089361853894	0.009946796206338192	0.31326376529672845	0.07157012384285112	0.04103792333100339	0.2885426885219362	0.05217593173797553	0.30467550308579866	0.0	0.04011192369970996	0.0037296037296037296	0.0	0.164366368021736	1.475852547357058	0.0	3.384462518647652	3.1478031331320198
H_parainfluenzae_str_M27794_id_GCA_003390455_1	22	14	Bacteria	Proteobacteria	Gammaproteobacteria	Enterobacterales	Pasteurellaceae	Haemophilus	None	3.9829875311457568	2.6796397709137065	0.0972762513890593	0.0	0.3883581960227525	0.005918560606060607	0.0	0.5818864300789965	0.030948807400941636	0.2125614681779542	0.0	0.021149709001306007	0.0	0.007001044932079415	0.2365820794386508	0.28785232683483974	0.0	2.442009255949724	2.6693822892641923
H_parainfluenzae_str_NCTC10665_id_GCA_900638025_1	22	9	Bacteria	Proteobacteria	Gammaproteobacteria	Enterobacterales	Pasteurellaceae	Haemophilus	Haemophilus parainfluenzae	2.8184960125311953	1.3402593756341425	0.0	0.0	0.0426287072334332	0.0	0.0	0.44046534865547726	0.017926725387849788	0.04727659809776597	0.0	0.006293706293706294	0.0	0.0	0.05209359680140204	0.07821171102305959	0.0	0.424762610802873	1.635115285000708
H_parainfluenzae_str_M1C152_1_id_GCA_014931295_1	22	15	Bacteria	Proteobacteria	Gammaproteobacteria	Enterobacterales	Pasteurellaceae	Haemophilus	None	7.109622803611475	4.793101877065123	0.13094935510189745	0.0	0.12384352643820887	0.025911363878168857	0.003689064558629776	0.8706429519492709	0.012715135812404516	0.23518971631484514	0.0	0.0	0.004556050010595465	0.0	0.5896749675861247	0.36812956135685315	0.0	2.8314975647083216	9.167371248096595
H_parainfluenzae_str_M1C160_1_id_GCA_014931275_1	22	15	Bacteria	Proteobacteria	Gammaproteobacteria	Enterobacterales	Pasteurellaceae	Haemophilus	None	8.046677047956258	7.257498345289417	0.07397384853589234	0.0	0.0845701363796444	0.0	0.016131463892657922	0.4383611802191795	0.04645818484845699	0.06912828082947334	0.0	0.0	0.0	0.022669442516770763	0.4527165670603324	0.13168775024151377	0.0	2.3441766506194046	4.821115173664524
H_parainfluenzae_str_M1C149_1_id_GCA_014931315_1	22	14	Bacteria	Proteobacteria	Gammaproteobacteria	Enterobacterales	Pasteurellaceae	Haemophilus	None	6.380822263380195	3.4944462817394357	0.05438655023637773	0.0	0.04487179487179487	0.0	0.0	0.3589023969719806	0.053391558276756124	0.23455672928385105	0.00887784090909091	0.026606875147021133	0.022727272727272728	0.010951030329201548	0.26388105335738093	0.8921268949410205	0.0	4.327082467330427	5.663443613762428
H_parainfluenzae_str_M1C120_2_id_GCA_014931455_1	22	14	Bacteria	Proteobacteria	Gammaproteobacteria	Enterobacterales	Pasteurellaceae	Haemophilus	None	8.205082424594007	5.535880979248943	0.07074090236709875	0.0	0.22955284943477847	0.00409201504092015	0.0	0.4262016234080997	0.034934469970966324	0.188733600453908	0.0	0.01643173373866049	0.0	0.0	0.40607564394511064	0.502743739751228	0.0	2.9790971503813712	6.009585722431748
H_parainfluenzae_str_M1C130_2_id_GCA_014931415_1	22	14	Bacteria	Proteobacteria	Gammaproteobacteria	Enterobacterales	Pasteurellaceae	Haemophilus	None	6.868979730608829	4.051569127522101	0.25541196711308917	0.02899184149184149	0.29759337566359806	0.01697561697561698	0.0	0.5574192214630374	0.0	0.1848138857668351	0.009052388289676425	0.0025238414247599453	0.02607152607152607	0.0	0.1757225164990608	0.44720379529608095	0.0	4.805287898880305	4.1271734961169075
H_parainfluenzae_str_M1C125_4_id_GCA_014931435_1	22	14	Bacteria	Proteobacteria	Gammaproteobacteria	Enterobacterales	Pasteurellaceae	Haemophilus	None	6.516254264893726	4.988454528129923	0.21205799124767494	0.038487060384870604	0.22453874719452357	0.0	0.02167832167832168	0.7663649647345863	0.07834570010142529	0.35337317164330284	0.02913752913752914	0.03930789968013226	0.08522447118281501	0.007864908628267407	0.3993513057543528	0.4863026627133314	0.0	4.590992610024732	4.597802487232499
H_parainfluenzae_str_M1C146_1_id_GCA_014931355_1	22	14	Bacteria	Proteobacteria	Gammaproteobacteria	Enterobacterales	Pasteurellaceae	Haemophilus	None	4.469493920789822	4.2957641983559	0.07522877460746438	0.009747827929646112	0.07143574454562839	0.0	0.04486778585186069	0.633631797144758	0.0	0.21121872181659151	0.0	0.058734435893628166	0.0	0.012853251617296562	0.34010830712219314	0.1673859582723133	0.0	2.4713946587994466	5.288452595086578
H_parainfluenzae_str_M1C113_1_id_GCA_014931475_1	22	15	Bacteria	Proteobacteria	Gammaproteobacteria	Enterobacterales	Pasteurellaceae	Haemophilus	None	7.191571469603699	6.837261247510463	0.13739459596010048	0.004921477549214776	0.0824976121707318	0.028409090909090908	0.0	0.7189799838165317	0.047741557997272095	0.12122552291078197	0.0	0.03160198580045908	0.0	0.0	0.3215084953306702	0.17273669283290552	0.021522038567493115	2.148337266078743	5.358448645275961
H_parainfluenzae_str_M1C142_1_id_GCA_014931375_1	22	14	Bacteria	Proteobacteria	Gammaproteobacteria	Enterobacterales	Pasteurellaceae	Haemophilus	None	6.468104682551523	4.691882936381553	0.06246962289504532	0.0	0.3211902299261358	0.06524864727333302	0.0	0.4987975859000749	0.101294939124084	0.26705846207234724	0.019595959595959597	0.0	0.0	0.0	0.546754425748552	0.7211954557326169	0.0	4.518179849770241	4.150087175136094
H_parainfluenzae_str_M1C147_1_id_GCA_014931335_1	22	14	Bacteria	Proteobacteria	Gammaproteobacteria	Enterobacterales	Pasteurellaceae	Haemophilus	None	5.078682378530304	4.272602992359519	0.14682212281082663	0.0	0.23568050020028333	0.0	0.0	0.48654396790084786	0.039901129943502825	0.26283522213027494	0.0	0.01713816486543759	0.0	0.0	0.18070155138491714	0.7975420226020287	0.0	3.209107885577072	4.568424860475878
H_parainfluenzae_str_NCTC_7857_id_GCA_900450845_1	22	14	Bacteria	Proteobacteria	Gammaproteobacteria	Enterobacterales	Pasteurellaceae	Haemophilus	None	5.067994984142926	3.5569065331032346	0.05796400412456823	0.02913752913752914	0.11642943425240077	0.012331342623313426	0.006060606060606061	0.5440074060612423	0.09834516183813996	0.22994438141537482	0.0	0.014131701631701632	0.01087207957436965	0.002097902097902098	0.17752649755730981	0.2805260108638979	0.0	3.945414404648157	3.0681155915009892
H_parainfluenzae_str_HK262_id_GCA_000259485_1	22	14	Bacteria	Proteobacteria	Gammaproteobacteria	Enterobacterales	Pasteurellaceae	Haemophilus	None	5.392598651329835	3.563855339788641	0.038902538902538905	0.0	0.13051235174457923	0.03265711559476854	0.02247191011235955	0.46493275473437523	0.08182037727492274	0.1631469939478201	0.004943502824858757	0.05059944820624183	0.02682879752943447	0.004556050010595465	0.3475885066706144	0.5134454540313239	0.0	3.273564798245333	3.6169215235884753
H_parainfluenzae_str_T3T1_id_GCA_000210895_1	22	14	Bacteria	Proteobacteria	Gammaproteobacteria	Enterobacterales	Pasteurellaceae	Haemophilus	None	5.885046271337888	4.482115181860684	0.10819018464246682	0.0	0.2025755895991115	0.057145355582855585	0.01531931446353797	0.6121587280157118	0.08608815426997246	0.13274672894650485	0.0	0.040117079889807165	0.0	0.030245212623149834	0.3830874104483091	0.7112849065110595	0.0	2.82209895335191	6.428486292927931
H_paraphrohaemolyticus_str_NCTC10671_id_GCA_900451065_1	22	9	Bacteria	Proteobacteria	Gammaproteobacteria	Enterobacterales	Pasteurellaceae	Haemophilus	Haemophilus paraphrohaemolyticus	0.12481564105991681	0.07107498866611058	0.0	0.007704160246533128	0.0	0.0	0.0	0.06118939017597736	0.0	0.0	0.0	1.337009535315379	0.0	0.0	0.0	0.0	0.0	0.0	0.0
H_paraphrohaemolyticus_str_C2014016342_id_GCA_003253115_1	22	22	Bacteria	Proteobacteria	Gammaproteobacteria	Enterobacterales	Pasteurellaceae	None	None	0.14808755677368815	0.026660839160839164	0.0	0.0	0.0	0.0	0.03194647293788116	0.11974914274869741	0.011217948717948718	0.0	0.0	0.2985297394769602	0.008872508872508872	0.0	0.0	0.0	0.0	0.04354204901650158	0.00033178500331785003
H_pittmaniae_str_NCTC13334_id_GCA_900186995_1	22	11	Bacteria	Proteobacteria	Gammaproteobacteria	Enterobacterales	Pasteurellaceae	Haemophilus	Haemophilus pittmaniae	1.4673492031205826	1.805463519386683	0.010474308300395257	0.0	0.0	0.0	0.0	0.03915863958264957	0.016566332972582972	0.16399557888919591	0.0	0.09093126800724466	0.0	0.0	0.14695624843226318	0.0	0.0	0.32921068415614213	1.0179095111053358
H_seminalis_str_SZY_H1_id_GCA_006384255_1	22	22	Bacteria	Proteobacteria	Gammaproteobacteria	Enterobacterales	Pasteurellaceae	None	None	0.04588601740886842	0.0409962407570063	0.0	0.0036601974804221994	0.005006587615283268	0.0	0.0	0.0	0.0	0.0	0.0	0.1276332656098861	0.0	0.01018483591097699	0.0	0.012251703639263449	0.0	0.03275221851701445	0.060100400372114816
H_sp_str_C1_id_GCA_001276515_1	22	14	Bacteria	Proteobacteria	Gammaproteobacteria	Enterobacterales	Pasteurellaceae	Haemophilus	None	0.4083917656565802	0.227124320540595	0.0	0.0	0.006825006825006825	0.0	0.0	0.0548125130299382	0.0187005187005187	0.14905037641542426	0.0	0.03297488550416746	0.014186450492182976	0.0	0.08356028109553791	0.04214738109526773	0.0	0.20052403458102236	0.2507607398372404
H_sp_str_CCUG_60358_id_GCA_001679485_1	22	15	Bacteria	Proteobacteria	Gammaproteobacteria	Enterobacterales	Pasteurellaceae	Haemophilus	None	3.6914547353403875	2.577460563868119	0.021853146853146852	0.0	0.14186949992598924	0.028581267217630855	0.0	0.5542067911346819	0.0183587701835877	0.3334952338775825	0.0	0.05296866974833076	0.0	0.0	0.5462549689404006	0.25202425360765557	0.0	2.1054805475206706	7.006852077099069
H_sp_HMT_036_str_ccug_66565_id_GCA_001679495_1	22	12	Bacteria	Proteobacteria	Gammaproteobacteria	Enterobacterales	Pasteurellaceae	Haemophilus	None	0.04754076933904405	0.09040731578822468	0.004921477549214776	0.0	0.0	0.0	0.0	0.08301846054163783	0.0	0.0	0.0	0.039887907286026404	0.0	0.0	0.005474452554744526	0.010221835580687256	0.0	0.08883492419988771	0.037868090651592204
H_sp_str_HMSC061E01_id_GCA_001810345_1	22	14	Bacteria	Proteobacteria	Gammaproteobacteria	Enterobacterales	Pasteurellaceae	Haemophilus	None	8.549743412266483	5.047870131511711	0.07910252770592811	0.0	0.2981709357496627	0.011330704412670102	0.015588578088578088	0.5650319069006741	0.09190780329070006	0.23491645667579839	0.0	0.021385705153619164	0.0	0.005861535058615351	0.6321487265960977	0.3597710497019671	0.013548951048951048	2.667732890727695	4.273010303619163
H_sp_str_HMSC066D03_id_GCA_001811025_1	22	14	Bacteria	Proteobacteria	Gammaproteobacteria	Enterobacterales	Pasteurellaceae	Haemophilus	None	6.095037375142129	4.842493119785009	0.04694773617863031	0.0	0.16260474068230282	0.0	0.0	1.118363069723975	0.06921015640004231	0.20140306945108416	0.0	0.0	0.0	0.0	0.4711364338612334	0.1901433971456371	0.0	2.9214984794991214	5.532001943295025
H_sp_str_HMSC068C11_id_GCA_001815355_1	22	14	Bacteria	Proteobacteria	Gammaproteobacteria	Enterobacterales	Pasteurellaceae	Haemophilus	None	7.478537403785783	4.921289687165606	0.05992692139140106	0.0	0.34907978836803605	0.014774299006664153	0.04708624708624709	0.7440452243881119	0.24607053884662536	0.22242041839538285	0.03457488838844771	0.062454057007998914	0.018599791013584117	0.0	0.4261551983630863	1.0009180914922562	0.0	3.6485095283913256	5.068257754978078
H_sp_str_HMSC073C03_id_GCA_001814055_1	22	15	Bacteria	Proteobacteria	Gammaproteobacteria	Enterobacterales	Pasteurellaceae	Haemophilus	None	5.229997771315285	3.381125770192189	0.095087190708794	0.0	0.1686505862252887	0.01640316205533597	0.007318952234206471	0.5869434560958889	0.07817599067599068	0.09683709053116263	0.0	0.008626939248948818	0.0	0.0042794355771455005	0.605781370323392	0.33496074832780354	0.0	1.3259746790059501	5.521959656631498
H_sp_str_HMSC61B11_id_GCA_001838615_1	22	14	Bacteria	Proteobacteria	Gammaproteobacteria	Enterobacterales	Pasteurellaceae	Haemophilus	None	5.047101467702595	3.5930026077220534	0.030631895459218694	0.014473089099954772	0.09601911356497207	0.0	0.0015408320493066256	0.3418909054430545	0.02221873911529084	0.1997699344112112	0.0	0.022410284269655793	0.015675733011768386	0.0	0.25092077412249614	0.6883957275422756	0.0	3.0941636911973087	3.2888162479678797
H_sp_str_HMSC71H05_id_GCA_001838635_1	22	14	Bacteria	Proteobacteria	Gammaproteobacteria	Enterobacterales	Pasteurellaceae	Haemophilus	None	15.286431581568339	11.52362001827983	0.2193936321357767	0.0	0.07901786589517	0.010310574625927323	0.02403846153846154	0.7586370005188456	0.07014557174665724	0.686285291113169	0.0	0.06489672210179119	0.0538744713014786	0.0	0.6187484853672225	0.7776525792322235	0.0	10.272367721377316	5.046654999273675
H_sp_str_Marseille_Q0026_id_GCA_916856725_1	22	15	Bacteria	Proteobacteria	Gammaproteobacteria	Enterobacterales	Pasteurellaceae	Haemophilus	None	0.1533683028118031	0.06937666392310708	0.018143215595444896	0.002544529262086514	0.0	0.0	0.01271186440677966	0.0	0.0	0.0	0.0	1.0592550988072937	0.009572714593635095	0.0	0.0	0.0	0.0	0.05818007515784303	0.07084913635023117
H_sp_HMT_036_str_F0629_id_GCA_002998595_1	22	14	Bacteria	Proteobacteria	Gammaproteobacteria	Enterobacterales	Pasteurellaceae	Haemophilus	None	0.09256075996134054	0.11335413820916353	0.0	0.015828037725847944	0.0	0.0	0.028987872031350292	0.06408013574569646	0.0	0.0	0.0	0.015483300154833	0.007867132867132866	0.0	0.0	0.0	0.0	0.003820816864295125	0.052697456408072066
H_sp_str_F0397_id_GCA_000242295_1	22	11	Bacteria	Proteobacteria	Gammaproteobacteria	Enterobacterales	Pasteurellaceae	Haemophilus	None	0.16269539326220883	0.09002808227041752	0.0	0.032132768361581916	0.0	0.0	0.026109648255404686	0.04432742893609726	0.0	0.026952214452214452	0.0	0.038733886881305093	0.0	0.0	0.0	0.01815436771890726	0.0	0.07546759460635058	0.0
H_sp_str_SZY_H36_id_GCA_018829625_1	22	12	Bacteria	Proteobacteria	Gammaproteobacteria	Enterobacterales	Pasteurellaceae	Haemophilus	None	0.02336800844263531	0.14435013930211388	0.004824363033318257	0.0	0.0	0.0	0.03016653016653017	0.005427408412483039	0.0	0.0	0.0	0.05971035405818015	0.0	0.0	0.0	0.0	0.0	0.04075750001623029	0.008668777325493744
H_sp_str_SZY_H8_id_GCA_018829755_1	22	22	Bacteria	Proteobacteria	Gammaproteobacteria	Enterobacterales	Pasteurellaceae	None	None	0.03207986043806939	0.09536084060048525	0.018675123326286118	0.020672829994863893	0.0	0.0	0.0	0.0879487524954098	0.013719282375998794	0.010499182698352823	0.0	0.02886952720372309	0.0	0.0	0.0	0.0008801710046523325	0.0	0.11090343226957827	0.033507870644800104
H_sputorum_str_C2015005679_id_GCA_003252875_1	22	16	Bacteria	Proteobacteria	Gammaproteobacteria	Enterobacterales	Pasteurellaceae	Haemophilus	Haemophilus sputorum	4.713840542800656	0.14542897339924415	0.0	0.0	0.0	0.0	0.0	1.0508923340396423	0.0	0.05960067873263639	0.0	0.017363415173634152	0.0	0.0	0.013593450072472285	0.056204309067462294	0.0	4.814389292826872	3.1969907465971006
H_sputorum_str_C2002001239_id_GCA_003252715_1	22	16	Bacteria	Proteobacteria	Gammaproteobacteria	Enterobacterales	Pasteurellaceae	Haemophilus	Haemophilus sputorum	5.342563027207043	0.05980333611274279	0.0	0.0	0.0	0.0	0.0	0.6043842895031941	0.06511793062058491	0.052576215798688014	0.0273000273000273	0.01536088584063176	0.000273000273000273	0.0	0.0	0.18899032259224216	0.0	4.623175167778289	3.3537716288652124
H_sputorum_str_CCUG_13788_id_GCA_000238795_2	22	17	Bacteria	Proteobacteria	Gammaproteobacteria	Enterobacterales	Pasteurellaceae	Haemophilus	Haemophilus sputorum	6.97471356172725	0.11304742894126915	0.0	0.0	0.0	0.0	0.0	0.31669610171529566	0.0	0.06965721283903102	0.0	0.0037878787878787876	0.0	0.0	0.0001456876456876457	0.24549825890727897	0.0	6.008347566483423	5.377609787834633
A_sp_HMT_458_str_W10330_id_GCA_000466335_1	22	16	Bacteria	Proteobacteria	Gammaproteobacteria	Enterobacterales	Pasteurellaceae	Aggregatibacter	None	0.0	0.01368861024033438	0.027177368086458997	0.0	0.1860238775024926	0.0	0.1358238631155291	0.01456876456876457	0.023132084200786492	0.0	0.010525098311357853	0.016666666666666666	0.0	0.0	0.0	0.0010553294135383687	0.0	0.44020052344208715	0.268787100345434
A_sp_str_Marseille_P9115_id_GCA_920939465_1	22	16	Bacteria	Proteobacteria	Gammaproteobacteria	Enterobacterales	Pasteurellaceae	Aggregatibacter	None	0.0	0.0	0.0	0.0	0.00031347962382445143	0.0	0.0	0.0	0.015353535353535354	0.0	0.0	0.0	0.010926573426573426	0.0	0.0	0.005538140020898642	0.0	0.00012840267077555214	1.074718039327752
A_sp_str_2125159857_id_GCA_017798005_1	22	15	Bacteria	Proteobacteria	Gammaproteobacteria	Enterobacterales	Pasteurellaceae	Aggregatibacter	None	0.038607226107226104	0.05705486140268749	0.0	0.0	0.07866781443544929	0.0	0.2625662103037269	0.0	0.03652096520037339	0.0	0.0	0.030356007628734902	0.014186450492182976	0.0	0.0	0.0	0.0	0.1951945785564616	0.5301145431677483
A_segnis_str_C2001002503_id_GCA_003252685_1	22	16	Bacteria	Proteobacteria	Gammaproteobacteria	Enterobacterales	Pasteurellaceae	Aggregatibacter	None	0.0	0.002173913043478261	0.0	0.0	0.0	0.0	0.0	0.01428157169783964	0.09372457744959674	0.0	0.0	0.0	0.0	0.0	0.0	0.0	0.0	0.05947241540461879	3.1802297352453777
A_segnis_str_PN_651_id_GCA_003130325_1	22	16	Bacteria	Proteobacteria	Gammaproteobacteria	Enterobacterales	Pasteurellaceae	Aggregatibacter	None	0.0	0.00031347962382445143	0.0	0.0	0.01428157169783964	0.0	0.0	0.0	0.0	0.0	0.0	0.0	0.0	0.0	0.0	0.0	0.0	0.04540036396153106	0.359995936282299
A_segnis_str_HK_296_id_GCA_003130075_1	22	16	Bacteria	Proteobacteria	Gammaproteobacteria	Enterobacterales	Pasteurellaceae	Aggregatibacter	None	0.0	0.0	0.0	0.0	0.0	0.0	0.0	0.0	0.07949839164059955	0.0	0.0046816479400749065	0.0	0.0	0.0	0.0	0.0	0.0	0.01365001365001365	0.2860302978583236
A_segnis_str_PN_450_id_GCA_003130345_1	22	16	Bacteria	Proteobacteria	Gammaproteobacteria	Enterobacterales	Pasteurellaceae	Aggregatibacter	None	0.013548951048951048	0.028200666956647816	0.0	0.0	0.0	0.0	0.017811704834605598	0.0	0.0	0.0	0.0	0.0	0.0	0.0	0.0	0.0	0.0	0.0	0.40602235207135434
A_segnis_str_C2000002669_id_GCA_003252645_1	22	17	Bacteria	Proteobacteria	Gammaproteobacteria	Enterobacterales	Pasteurellaceae	Aggregatibacter	None	0.0	0.0	0.0	0.0	0.0	0.0	0.0	0.0	0.00505050505050505	0.0	0.0	0.015834015834015832	0.0017482517482517483	0.0	0.0	0.0018181818181818182	0.0	0.033178500331785	1.215927591935772
A_segnis_str_933_AAPH_id_GCA_001059425_1	22	16	Bacteria	Proteobacteria	Gammaproteobacteria	Enterobacterales	Pasteurellaceae	Aggregatibacter	None	0.0	0.0	0.0	0.0	0.0	0.0	0.0	0.0	0.004070556309362279	0.0	0.0	0.0	0.0	0.0	0.0	0.0	0.0	0.0011566042100393246	0.368155029428762
A_sp_str_W11186_id_GCA_018128305_1	22	16	Bacteria	Proteobacteria	Gammaproteobacteria	Enterobacterales	Pasteurellaceae	Aggregatibacter	None	0.0	0.024674606764159	0.0	0.0	0.0	0.0	0.0	0.0	0.0	0.0	0.0	0.0	0.0	0.0	0.0	0.0	0.0	0.03227443601531193	0.4765250555704909
A_aphrophilus_str_FDAARGOS_248_id_GCA_002083125_2	22	22	Bacteria	Proteobacteria	Gammaproteobacteria	Enterobacterales	Pasteurellaceae	None	None	0.0	0.019647019647019648	0.0	0.0	0.0013271400132714001	0.0	0.0	0.025662025662025665	0.0	0.0	0.0017482517482517483	0.0	0.0	0.0	0.0	0.0	0.0	0.021621322716213226	0.09234900354660405
A_aphrophilus_str_C2008003249_id_GCA_003252995_1	22	22	Bacteria	Proteobacteria	Gammaproteobacteria	Enterobacterales	Pasteurellaceae	None	None	0.06465656831542592	0.015005827505827506	0.0	0.0	0.0	0.0	0.0	0.0	0.0	0.0	0.0	0.0	0.0	0.0	0.0	0.0	0.0	0.0	0.0
A_aphrophilus_str_C2010020251_id_GCA_003252835_1	22	15	Bacteria	Proteobacteria	Gammaproteobacteria	Enterobacterales	Pasteurellaceae	Aggregatibacter	None	0.0	0.0	0.0	0.0	0.0	0.0	0.0	0.012106713063650864	0.08384486128733583	0.0	0.0	0.0	0.0	0.0	0.01911976911976912	0.0	0.0	0.0	0.0
A_aphrophilus_str_ATCC_7901_id_GCA_001680805_1	22	14	Bacteria	Proteobacteria	Gammaproteobacteria	Enterobacterales	Pasteurellaceae	Aggregatibacter	None	0.021628498727735368	0.028733278733278734	0.0	0.0	0.0	0.0	0.0	0.017002081887578072	0.042676465053630326	0.0	0.0	0.0	0.0	0.0	0.01503585473051122	0.0	0.0	0.0	0.06904269972451792
A_aphrophilus_str_PN_517_id_GCA_003130125_1	22	14	Bacteria	Proteobacteria	Gammaproteobacteria	Enterobacterales	Pasteurellaceae	Aggregatibacter	None	0.09706406712601794	0.029686820356676816	0.0	0.0	0.0	0.0	0.0	0.009650646593321753	0.026949315195583853	0.0	0.0	0.0	0.0	0.0	0.006701631701631702	0.0	0.0	0.0	0.0
A_aphrophilus_str_HK_319_id_GCA_003130365_1	22	14	Bacteria	Proteobacteria	Gammaproteobacteria	Enterobacterales	Pasteurellaceae	Aggregatibacter	None	0.0	0.0	0.0	0.0	0.0	0.0	0.0	0.0	0.0	0.0	0.0	0.0	0.0	0.0	0.0	0.0	0.0	0.0	0.033884904904013184
A_aphrophilus_str_HK83_id_GCA_003703745_1	22	14	Bacteria	Proteobacteria	Gammaproteobacteria	Enterobacterales	Pasteurellaceae	Aggregatibacter	None	0.04667356957433293	0.0	0.0	0.0	0.0	0.0	0.0	0.0	0.0	0.0	0.0	0.0	0.0	0.0	0.0	0.0	0.0	0.0	0.011748844375963019
A_kilianii_str_PN_649_id_GCA_003130015_1	22	15	Bacteria	Proteobacteria	Gammaproteobacteria	Enterobacterales	Pasteurellaceae	Aggregatibacter	None	0.03060731323726692	0.0	0.0	0.0	0.0	0.0	0.0	0.0	0.0	0.0	0.0	0.0	0.0	0.0	0.015498496414526948	0.0	0.0	0.0	0.01689698305940344
A_kilianii_str_PN_528_id_GCA_003130255_1	22	22	Bacteria	Proteobacteria	Gammaproteobacteria	Enterobacterales	Pasteurellaceae	None	None	0.03034356405142922	0.0	0.0	0.0	0.0	0.0	0.0	0.0	0.0	0.0	0.0	0.0	0.0	0.0	5.529750055297501e-05	0.0	0.0	0.0	0.04400855023261662
A_kilianii_str_PN_491_id_GCA_003129965_1	22	9	Bacteria	Proteobacteria	Gammaproteobacteria	Enterobacterales	Pasteurellaceae	Aggregatibacter	Aggregatibacter kilianii	0.0	0.0	0.0	0.0	0.01996151996151996	0.0	0.0	0.0	0.0	0.0	0.0	0.0	0.0	0.0	0.0	0.0	0.0	0.0	0.0
A_actinomycetemcomitans_str_SA15_id_GCA_021309365_1	22	22	Bacteria	Proteobacteria	Gammaproteobacteria	Enterobacterales	Pasteurellaceae	None	None	0.0	0.002331002331002331	0.0	0.0	0.0	0.0	0.0	0.0	0.09193901619918242	0.0	0.0	0.0	0.0	0.0	0.0	0.0	0.0	0.023085182534001433	0.05254106073727502
A_actinomycetemcomitans_str_ANH9776_id_GCA_001596315_1	23	19	Bacteria	Proteobacteria	Gammaproteobacteria	Enterobacterales	Pasteurellaceae	Aggregatibacter	None	0.0	0.0	0.0	0.0	0.0	0.0	0.0	0.0	0.0	0.0	0.0	0.0	0.0	0.0	0.0	0.0	0.0	0.0	0.0
A_actinomycetemcomitans_str_HK_974_id_GCA_008085185_1	22	22	Bacteria	Proteobacteria	Gammaproteobacteria	Enterobacterales	Pasteurellaceae	None	None	0.0	0.00946969696969697	0.0	0.0	0.0	0.0	0.0	0.0	0.0	0.0	0.0	0.0	0.0	0.0	0.0	0.0	0.0	0.0	0.005200308166409861
A_segnis_str_NCTC10977_id_GCA_900476035_1	22	16	Bacteria	Proteobacteria	Gammaproteobacteria	Enterobacterales	Pasteurellaceae	Aggregatibacter	None	0.0	0.0	0.0039607695209354955	0.0	0.0	0.0	0.0	0.0	0.0273000273000273	0.0	0.0	0.0	0.0008080808080808081	0.0	0.0	0.0	0.0	0.04513489172580082	0.4566141098141117
A_aphrophilus_str_NJ8700_id_GCA_000022985_1	22	15	Bacteria	Proteobacteria	Gammaproteobacteria	Enterobacterales	Pasteurellaceae	Aggregatibacter	None	0.03443526170798898	0.0	0.0	0.0	0.0	0.0	0.0	0.0	0.0	0.0	0.0	0.0	0.0	0.0	0.024766899766899764	0.0	0.0	0.0	0.1350975800246577
A_actinomycetemcomitans_str_NCTC_9710_id_GCA_008085305_1	22	12	Bacteria	Proteobacteria	Gammaproteobacteria	Enterobacterales	Pasteurellaceae	Aggregatibacter	Aggregatibacter actinomycetemcomitans	0.0	0.0	0.0	0.0	0.0	0.0	0.0	0.0	0.00541915505419155	0.0	0.0	0.0	0.0	0.0	0.0	0.0	0.0	0.0	0.0
A_aphrophilus_str_NCTC5906_id_GCA_900636915_1	23	16	Bacteria	Proteobacteria	Gammaproteobacteria	Enterobacterales	Pasteurellaceae	Aggregatibacter	None	0.021321070234113712	0.019692443854408673	0.0	0.0	0.0	0.0	0.022397891963109352	0.0	0.0	0.0	0.0	0.0	0.0	0.0	0.0005574136008918618	0.0	0.0	0.0	0.09550634341874285
