bin_name	total_scgs	supporting_scgs	t_domain	t_phylum	t_class	t_order	t_family	t_genus	t_species	PB_HC_HMP_S023_01	PB_HC_HMP_S024_01	PB_HC_HMP_S024_02	PB_HC_HMP_S028_01	PB_HC_HMP_S028_02	PB_HC_HMP_S030_01	PB_HC_HMP_S030_02	PB_HC_HMP_S034_01	PB_HC_HMP_S038_01	PB_HC_HMP_S117_01	PB_HC_HMP_S117_02	PB_HC_HMP_S126_01	PB_HC_HMP_S138_01	PB_HC_HMP_S143_01	PB_HC_HMP_S147_01	PB_HC_HMP_S148_01	PB_HC_HMP_S152_01	PB_HC_HMP_S153_01	PB_HC_HMP_S162_01
H_aegyptius_str_CCUG_628_id_GCA_001679305_1	22	14	Bacteria	Proteobacteria	Gammaproteobacteria	Enterobacterales	Pasteurellaceae	Haemophilus	None	0.0	0.0	0.0	0.0	0.0	0.0	0.0	0.0	0.0	0.0	0.0	0.0	0.0	0.0	0.0	0.0	0.0	0.000829462508294625	0.0
H_aegyptius_str_ATCC_11116_id_GCA_000195005_1	22	16	Bacteria	Proteobacteria	Gammaproteobacteria	Enterobacterales	Pasteurellaceae	Haemophilus	None	0.0	0.0	0.0	0.0	0.0	0.0	0.0	0.0	0.0	0.0	0.0	0.0	0.007394519356241844	0.011693700490380987	0.0	0.0	0.04053306790533068	0.0	0.0
H_ducreyi_str_CCUG_4438_id_GCA_002015155_1	22	20	Bacteria	Proteobacteria	Gammaproteobacteria	Enterobacterales	Pasteurellaceae	Haemophilus	Haemophilus ducreyi	0.0	0.13871847849120578	0.29780564263322884	0.0	0.0	0.0	0.0	0.0	0.0	0.0	0.0	0.0	0.0	0.0	0.0	0.0	0.0	0.0	0.0
H_ducreyi_str_VAN1_id_GCA_001647655_1	22	16	Bacteria	Proteobacteria	Gammaproteobacteria	Enterobacterales	Pasteurellaceae	Haemophilus	Haemophilus ducreyi	0.0	0.10474714344384499	0.09889914772727272	0.0	0.0	0.0	0.0	0.0	0.0	0.0	0.0	0.0	0.013869463869463871	0.0	0.0	0.0	0.0	0.0	0.0
H_haemolyticus_str_ATCC_33390_id_GCA_004368535_1	22	22	Bacteria	Proteobacteria	Gammaproteobacteria	Enterobacterales	Pasteurellaceae	None	None	0.0	0.0	0.0023232323232323234	0.0	0.0	0.0	0.0	0.0	0.0	0.0	0.0	0.0	0.011329511329511328	0.06154663106102083	0.0	0.0067599067599067595	0.147632186007575	0.0	0.0
H_haemolyticus_str_M19066_id_GCA_003494695_1	22	22	Bacteria	Proteobacteria	Gammaproteobacteria	Enterobacterales	Pasteurellaceae	None	None	0.0	0.03185261707988981	0.01036682615629984	0.004742077261161231	0.0	0.0	0.0012285012285012285	0.0	0.0	0.0028644655510327156	0.0	0.0	0.14068235802202547	0.054961378490790254	0.00438871473354232	0.0041459369817578775	0.0551429850490375	0.0	0.0
H_haemolyticus_str_60971_B_Hi_3_id_GCA_006439235_1	22	22	Bacteria	Proteobacteria	Gammaproteobacteria	Enterobacterales	Pasteurellaceae	None	None	0.0	0.0	0.0	0.0	0.0	0.0	0.0	0.0	0.0	0.0	0.0	0.0	0.03598569942360412	0.04726524118273864	0.007538067239559776	0.15383424657743683	0.1468763800232835	0.014282956958116193	0.0
H_haemolyticus_str_M26160_id_GCA_003494485_1	22	22	Bacteria	Proteobacteria	Gammaproteobacteria	Enterobacterales	Pasteurellaceae	None	None	0.0	0.0	0.0	0.0	0.02320502320502321	0.0	0.0	0.0	0.019246519246519246	0.00658307210031348	0.0	0.0	0.035527690700104496	0.0	0.009533537623425264	0.0263882847614905	0.05413184376797953	0.0	0.0
H_haemolyticus_str_M26157_id_GCA_003494105_1	22	22	Bacteria	Proteobacteria	Gammaproteobacteria	Enterobacterales	Pasteurellaceae	None	None	0.0	0.06267217630853995	0.027892561983471075	0.004224941724941725	0.0	0.002054442732408834	0.0	0.0	0.0	0.0	0.0	0.0	0.02718067511658254	0.021313614615050023	0.0	0.0	0.05106931974183048	0.002709577527095775	0.0
H_haemolyticus_str_M11818_id_GCA_003494635_1	22	22	Bacteria	Proteobacteria	Gammaproteobacteria	Enterobacterales	Pasteurellaceae	None	None	0.0	0.0	0.0	0.0	0.0	0.0	0.0	0.0	0.0	0.0	0.0	0.0	0.014044943820224719	0.031015393350577247	0.020827957623432446	0.014131701631701632	0.02664007881399186	0.0	0.0
H_haemolyticus_str_M19080_id_GCA_003494285_1	22	22	Bacteria	Proteobacteria	Gammaproteobacteria	Enterobacterales	Pasteurellaceae	None	None	0.0	0.0	0.0	0.0	0.0	0.0	0.0	0.0	0.0	0.004221317654153475	0.0	0.0	0.022342064714946073	0.0	0.0	0.0361033141026305	0.0	0.0	0.0
H_haemolyticus_str_M26164_id_GCA_003494525_1	22	22	Bacteria	Proteobacteria	Gammaproteobacteria	Enterobacterales	Pasteurellaceae	None	None	0.0	0.04598421823302206	0.0	0.00016589250165892502	0.0002261420171867933	0.0	0.0	0.0	0.0	0.0	0.0	0.0	0.0	0.0	0.0	0.0	0.044532676310295886	0.0	0.0
H_haemolyticus_str_M25342_id_GCA_003493465_1	22	11	Bacteria	Proteobacteria	Gammaproteobacteria	Enterobacterales	Pasteurellaceae	Haemophilus	None	0.0	0.0	0.009976732464770743	0.0	0.0	0.0	0.0	0.0	0.0	0.0187005187005187	0.0	0.0	0.0	0.0	0.0	0.027891161569244184	0.029378316682200065	0.0	0.0
H_haemolyticus_str_M28908_id_GCA_003494545_1	22	11	Bacteria	Proteobacteria	Gammaproteobacteria	Enterobacterales	Pasteurellaceae	Haemophilus	None	0.0	0.0	0.0	0.0	0.0	0.0	0.01047791346298809	0.0	0.0	0.0	0.0	0.0	0.03488204833141542	0.0	0.0	0.002939846223428313	0.10184722724814525	0.0	0.0
H_haemolyticus_str_M19099_id_GCA_003490935_1	22	22	Bacteria	Proteobacteria	Gammaproteobacteria	Enterobacterales	Pasteurellaceae	None	None	0.0	0.0	0.0	0.0	0.0	0.0	0.018356643356643356	0.0037697549659272147	0.0	0.0	0.007161163877581788	0.0	0.016357605909844718	0.0	0.0	0.00640735715362581	0.0	0.0	0.0
H_haemolyticus_str_M26156_id_GCA_003490655_1	22	22	Bacteria	Proteobacteria	Gammaproteobacteria	Enterobacterales	Pasteurellaceae	None	None	0.0	0.0	0.010453370918487198	0.0	0.0	0.004149778035128353	0.0	0.0	0.0	0.008001361933946204	0.0	0.0	0.042244001351808044	0.06885461319060063	0.0	0.0576308684214133	0.07389581189242338	0.0	0.0
H_haemolyticus_str_M19071_id_GCA_003493965_1	22	22	Bacteria	Proteobacteria	Gammaproteobacteria	Enterobacterales	Pasteurellaceae	None	None	0.011299435028248588	0.0	0.0	0.0	0.0	0.009090909090909092	0.0	0.0	0.0	0.0	0.0	0.0	0.04083681551596248	0.0	0.0	0.025228360156589823	0.07668728654130114	0.0	0.0
H_haemolyticus_str_M26174_id_GCA_003493245_1	22	22	Bacteria	Proteobacteria	Gammaproteobacteria	Enterobacterales	Pasteurellaceae	None	None	0.003165988240615106	0.0	0.0020429009193054137	0.0	0.0	0.0	0.00844988344988345	0.0	0.0	0.0	0.0	0.0	0.016205533596837945	0.0	0.0	0.008744157997889341	0.0021231422505307855	0.0	0.0
H_haemolyticus_str_M19155_id_GCA_003490305_1	22	13	Bacteria	Proteobacteria	Gammaproteobacteria	Enterobacterales	Pasteurellaceae	Haemophilus	None	0.009552042160737812	0.0	0.0	0.00539044289044289	0.0	0.0	0.03764701922429628	0.0	0.0	0.05444985320503992	0.0	0.0	0.010129383724889342	0.03623789764868603	0.018065268065268064	0.001760342009304665	0.025098814229249013	0.0	0.0
H_haemolyticus_str_HI2028_id_GCA_004368395_1	22	22	Bacteria	Proteobacteria	Gammaproteobacteria	Enterobacterales	Pasteurellaceae	None	None	0.0	0.002331002331002331	0.04454545454545455	0.0013584117032392894	0.0	0.0	0.0	0.0	0.0	0.0	0.0	0.0	0.06599785607419195	0.08748286133185576	0.019230769230769232	0.1299411309409167	0.09457705547091022	0.0	0.0
H_haemolyticus_str_65117_B_Hi_3_id_GCA_006439285_1	22	11	Bacteria	Proteobacteria	Gammaproteobacteria	Enterobacterales	Pasteurellaceae	Haemophilus	None	0.0	0.0033333333333333335	0.0	0.012469189502682327	0.0	0.0	0.0	0.0	0.0	0.0	0.0	0.0	0.023217247097844115	0.08949184750287627	0.0	0.015288015288015289	0.07352986102726065	0.0	0.0
H_haemolyticus_str_M19122_id_GCA_003493365_1	22	22	Bacteria	Proteobacteria	Gammaproteobacteria	Enterobacterales	Pasteurellaceae	None	None	0.0	0.004256043581886279	0.0	0.014979338842975205	0.0	0.0	0.0	0.0	0.0	0.0	0.0	0.007808857808857809	0.009345277593452776	0.04379734848484848	0.0	0.007694128787878788	0.09849397476443743	0.0	0.0
H_haemolyticus_str_M19140_id_GCA_003490235_1	22	12	Bacteria	Proteobacteria	Gammaproteobacteria	Enterobacterales	Pasteurellaceae	Haemophilus	None	0.0030643513789581204	0.006658946149392009	0.0	0.0	0.0	0.0	0.0	0.0	0.0	0.0	0.0	0.0	0.0	0.001191692202928158	0.0	0.0	0.013049151805132666	0.0021860394994723353	0.0
H_haemolyticus_str_M26166_id_GCA_003492745_1	22	22	Bacteria	Proteobacteria	Gammaproteobacteria	Enterobacterales	Pasteurellaceae	None	None	0.0	0.0	0.0015151515151515152	0.0	0.0	0.02689052689052689	0.0	0.0	0.0	0.0	0.0	0.0	0.12255410128359881	0.023821098687408847	0.0	0.0	0.008613101974097825	0.0	0.0
H_haemolyticus_str_60982_B_Hi_1_id_GCA_006439215_1	22	22	Bacteria	Proteobacteria	Gammaproteobacteria	Enterobacterales	Pasteurellaceae	None	None	0.0	0.0	0.0	0.0016317016317016315	0.0	0.0	0.0	0.0	0.0	0.0	0.0	0.0	0.0	0.11806114239742559	0.017500587268029128	0.06991945946877402	0.016354016354016353	0.0	0.0
H_haemolyticus_str_60824_B_Hi_4_id_GCA_006439315_1	21	21	Bacteria	Proteobacteria	Gammaproteobacteria	Enterobacterales	Pasteurellaceae	None	None	0.003316749585406302	0.0	0.0	0.042789837708168015	0.0	0.02460932693490833	0.0	0.0	0.015771913861085833	0.0	0.0	0.0	0.0	0.0	0.0	0.015930946587880895	0.0	0.0	0.007783882783882784
H_haemolyticus_str_CCUG_39154_id_GCA_001679445_1	22	22	Bacteria	Proteobacteria	Gammaproteobacteria	Enterobacterales	Pasteurellaceae	None	None	0.0	0.02913752913752914	0.0	0.019230769230769232	0.009964509964509965	0.0	0.0	0.0	0.0	0.0	0.0	0.0	0.026983904044512595	0.0	0.0	0.0	0.021567021567021567	0.0	0.0
H_haemolyticus_str_60819_B_Hi_1_id_GCA_006439245_1	22	11	Bacteria	Proteobacteria	Gammaproteobacteria	Enterobacterales	Pasteurellaceae	Haemophilus	None	0.0	0.0	0.0	0.04071246819338423	0.017745017745017744	0.0013774104683195593	0.0	0.0	0.0037092920910348297	0.0	0.00493025493025493	0.0	0.03009186145639123	0.010640758732361786	0.012133785992707154	0.003072684890866709	0.009367962545928647	0.0	0.0
H_haemolyticus_str_M19197_id_GCA_003492365_1	22	12	Bacteria	Proteobacteria	Gammaproteobacteria	Enterobacterales	Pasteurellaceae	Haemophilus	None	0.0	0.003669507575757576	0.0	0.040959837610555314	0.0	0.021507447354904983	0.0	0.0	0.0002261420171867933	0.03487023343482674	0.0	0.0	0.03711758735682181	0.007226107226107226	0.0	0.0	0.06646581538091496	0.025680534155110426	0.0
H_haemolyticus_str_M19079_id_GCA_003490595_1	22	12	Bacteria	Proteobacteria	Gammaproteobacteria	Enterobacterales	Pasteurellaceae	Haemophilus	None	0.0	0.0	0.012722646310432571	0.016462703962703964	0.0	0.005292156009859359	0.02466268524662685	0.0	0.0	0.005990133897110642	0.0	0.0	0.04065251292357112	0.0	0.0	0.0	0.06628787878787878	0.0	0.0
H_haemolyticus_str_M26161_id_GCA_003493685_1	22	11	Bacteria	Proteobacteria	Gammaproteobacteria	Enterobacterales	Pasteurellaceae	Haemophilus	None	0.003962703962703962	0.03802526623082932	0.0	0.0	0.0	0.0	0.0	0.0	0.0	0.0	0.0	0.0	0.030865358616554785	0.035149494034347174	0.0	0.013121647092938959	0.0380764163372859	0.0	0.0
H_haemolyticus_str_CCUG_24149_id_GCA_001679135_1	22	22	Bacteria	Proteobacteria	Gammaproteobacteria	Enterobacterales	Pasteurellaceae	None	None	0.0	0.0	0.0019104084321475625	0.0	0.0	0.0	0.0	0.0	0.0	0.0	0.0	0.0	0.050905881460309055	0.0	0.0	0.020680491815196524	0.010968735937273566	0.0	0.0
H_haemolyticus_str_M19187_id_GCA_003493605_1	22	22	Bacteria	Proteobacteria	Gammaproteobacteria	Enterobacterales	Pasteurellaceae	None	None	0.0	0.012686675366101203	0.0	0.0	0.0	0.0	0.0	0.0	0.0	0.0	0.0	0.0	0.0026715421352405924	0.0059550731192522235	0.0	0.0	0.0012052341597796144	0.0	0.0
H_haemolyticus_str_Haemophilus_haemolyticus_BgEED18_id_GCA_901873495_1	22	22	Bacteria	Proteobacteria	Gammaproteobacteria	Enterobacterales	Pasteurellaceae	None	None	0.0008801710046523325	0.0	0.0	0.0	0.0	0.0	0.0	0.0	0.0	0.0	0.0	0.0	0.01593082709165889	0.0	0.007198007239932445	0.0	0.06269797039868885	0.0	0.0
H_haemolyticus_str_M19164_id_GCA_003491025_1	22	12	Bacteria	Proteobacteria	Gammaproteobacteria	Enterobacterales	Pasteurellaceae	Haemophilus	None	0.0	0.039076246334310845	0.007941483803552769	0.0	0.0	0.0	0.0	0.0	0.0	0.0	0.004372078998944671	0.0	0.0	0.0	0.0	0.0	0.0067599067599067595	0.0	0.0
H_haemolyticus_str_CCUG_15949_id_GCA_006439275_1	22	22	Bacteria	Proteobacteria	Gammaproteobacteria	Enterobacterales	Pasteurellaceae	None	None	0.0	0.0	0.0	0.002953261427837699	0.0	0.0	0.0	0.0	0.0	0.0	0.0	0.0	0.0	0.08586059816559685	0.01962809917355372	0.02505926277112718	0.02969998492386552	0.0	0.0
H_haemolyticus_str_M26167_id_GCA_003493125_1	22	22	Bacteria	Proteobacteria	Gammaproteobacteria	Enterobacterales	Pasteurellaceae	None	None	0.0	0.018248175182481754	0.010149340292880962	0.0	0.0	0.0	0.01812382195157315	0.002898550724637681	0.0	0.0	0.0	0.0	0.0	0.0	0.0	0.0007246376811594203	0.06459317628072234	0.0	0.0
H_haemolyticus_str_11P18_id_GCA_001008205_1	22	22	Bacteria	Proteobacteria	Gammaproteobacteria	Enterobacterales	Pasteurellaceae	None	None	0.0	0.011595626881267642	0.020904210685232582	0.0	0.0	0.0	0.0	0.0	0.0	0.0	0.0	0.0	0.13165852651317964	0.16144850999622784	0.0	0.062029735011958326	0.07423108629087265	0.0	0.0
H_haemolyticus_str_16_549009_id_GCA_004362455_1	22	22	Bacteria	Proteobacteria	Gammaproteobacteria	Enterobacterales	Pasteurellaceae	None	None	0.0	0.003165988240615106	0.0	0.0	0.0	0.0	0.0	0.0	0.0	0.0	0.0	0.0	0.043087245297741224	0.04349717268377556	0.0	0.06559917355371901	0.04533429533429533	0.0	0.0
H_haemolyticus_str_CCUG_30218_id_GCA_006439145_1	22	22	Bacteria	Proteobacteria	Gammaproteobacteria	Enterobacterales	Pasteurellaceae	None	None	0.0	0.0	0.0	0.0	0.0	0.009831135785334259	0.0	0.0	0.0	0.03936494127881687	0.0	0.0	0.010874504579643009	0.0	0.001926040061633282	0.015752241125375453	0.03792975247634049	0.0005783021050196623	0.0
H_haemolyticus_str_CCUG30047_id_GCA_013401795_1	22	22	Bacteria	Proteobacteria	Gammaproteobacteria	Enterobacterales	Pasteurellaceae	None	None	0.0	0.03700466200466201	0.026923076923076925	0.0	0.0	0.0	0.012768130745658836	0.008593396653098146	0.0	0.0	0.022246272246272247	0.0	0.02298407806882383	0.011961722488038277	0.0	0.03896481576703248	0.04438711483753556	0.0	0.0
H_haemolyticus_str_S32F2_id_GCA_013401805_1	22	22	Bacteria	Proteobacteria	Gammaproteobacteria	Enterobacterales	Pasteurellaceae	None	None	0.0	0.026660424609824585	0.0414800032133075	0.0	0.0	0.0	0.027513945424393185	0.0	0.0	0.0	0.0	0.0	0.320249997912	0.11825438965613219	0.0	0.09395464306799317	0.07209471165396147	0.0	0.0
H_haemolyticus_str_1P26_id_GCA_001008215_1	22	11	Bacteria	Proteobacteria	Gammaproteobacteria	Enterobacterales	Pasteurellaceae	Haemophilus	None	0.0	0.0	0.0	0.009345277593452776	0.0	0.02033852033852034	0.0	0.0	0.0	0.0	0.0	0.0	0.04974117522055723	0.059306558514789824	0.0	0.040346022695511206	1.267670544442309	0.0	0.0
H_haemolyticus_str_PN24_id_GCA_013401825_1	22	22	Bacteria	Proteobacteria	Gammaproteobacteria	Enterobacterales	Pasteurellaceae	None	None	0.0	0.0	0.0	0.012768130745658836	0.0	0.012165450121654502	0.057506887052341596	0.0	0.0	0.0	0.0	0.0	0.055984611000284984	0.01552841851349314	0.0	0.001658374792703151	0.0009799487411427709	0.0	0.0
H_haemolyticus_str_27P25_id_GCA_001008275_1	23	12	Bacteria	Proteobacteria	Gammaproteobacteria	Enterobacterales	Pasteurellaceae	Haemophilus	None	0.0	0.0	0.0	0.0009995002498750624	0.013868663754247279	0.0	0.0002787068004459309	0.0	0.0	0.010178117048346057	0.0	0.0	0.00502415458937198	0.0	0.0	0.03293807641633729	0.074973328474822	0.0037681159420289855	0.0
H_haemolyticus_str_3P5_id_GCA_001008225_1	22	22	Bacteria	Proteobacteria	Gammaproteobacteria	Enterobacterales	Pasteurellaceae	None	None	0.0	0.0	0.004221317654153475	0.0	0.022614201718679332	0.002827316224445411	0.0	0.0	0.0	0.0	0.0	0.0	0.017494093346582723	0.0	0.0	0.0	0.13493723018377024	0.0	0.0
H_haemolyticus_str_CCUG_31732_id_GCA_006439125_1	22	22	Bacteria	Proteobacteria	Gammaproteobacteria	Enterobacterales	Pasteurellaceae	None	None	0.0	0.0	0.012251703639263449	0.0	0.0	0.01829101829101829	0.06500229223568152	0.032885674931129476	0.0	0.0	0.0	0.0	0.0	0.0	0.0	0.009324009324009324	0.0	0.0	0.0
H_haemolyticus_str_NCTC10839_id_GCA_900477945_1	22	22	Bacteria	Proteobacteria	Gammaproteobacteria	Enterobacterales	Pasteurellaceae	None	None	0.0	0.0	0.0	0.0	0.0	0.0	0.0	0.0	0.0	0.0	0.0	0.0	0.06471000750661768	0.0362476439031463	0.0	0.054530883353278554	0.0	0.0	0.0
H_haemolyticus_str_M19345_id_GCA_003351405_1	22	22	Bacteria	Proteobacteria	Gammaproteobacteria	Enterobacterales	Pasteurellaceae	None	None	0.0	0.0	0.01574737250134348	0.00023132084200786494	0.0	0.0	0.0035390400353904005	0.0	0.0005029548598013329	0.010247705268452157	0.0010687790770778324	0.0	0.014334213504337985	0.003457814661134163	0.06887052341597796	0.0	0.0423921736307417	0.0	0.0
H_haemolyticus_str_2019_19_id_GCA_019973675_1	22	22	Bacteria	Proteobacteria	Gammaproteobacteria	Enterobacterales	Pasteurellaceae	None	None	0.0	0.0038350308059851633	0.0	0.008649523916699488	0.0	0.0	0.0	0.0	0.0	0.0	0.01919962988665279	0.0	0.06282697452691054	0.011671741336813108	0.0	0.01891174518911745	0.1721089164550471	0.0	0.0
H_haemolyticus_str_M19107_id_GCA_000222005_2	22	22	Bacteria	Proteobacteria	Gammaproteobacteria	Enterobacterales	Pasteurellaceae	None	None	0.0	0.006258234519104084	0.0	0.0	0.011945177920281656	0.0	0.0	0.0	0.0	0.0	0.0	0.0	0.08207211268642298	0.10501736678149406	0.0	0.03972116673260282	0.12965852893668314	0.015681288408561134	0.0
H_haemolyticus_str_M19501_id_GCA_000222025_2	26	26	Bacteria	Proteobacteria	Gammaproteobacteria	Enterobacterales	Pasteurellaceae	None	None	0.00923356320974454	0.04616280507815201	0.0086446956538805	0.0	0.0	0.0	0.00798176671635274	0.0	0.0	0.007927187316500293	0.0	0.0	0.047150696872543536	0.07599689975794471	0.0	0.019425848342187475	0.0368052999631947	0.0	0.0
H_haemolyticus_str_M21127_id_GCA_000222045_2	23	12	Bacteria	Proteobacteria	Gammaproteobacteria	Enterobacterales	Pasteurellaceae	Haemophilus	None	0.0	0.0	0.0504932283216759	0.0	0.0	0.0	0.0	0.0	0.0	0.02870857564848149	0.0	0.0	0.013938007073018515	0.0	0.0	0.0021157304559399136	0.11288982442372478	0.0	0.0
H_haemolyticus_str_M21621_id_GCA_000222065_2	22	22	Bacteria	Proteobacteria	Gammaproteobacteria	Enterobacterales	Pasteurellaceae	None	None	0.021455430214554302	0.0	0.024125435663475768	0.0	0.0	0.0	0.013403263403263404	0.0	0.0	0.021061234754180813	0.0	0.0	0.05640772557932612	0.05300232628226453	0.0	0.02899811512251704	0.09299480401281954	0.0	0.0
H_influenzae_str_M10489_id_GCA_003494325_1	22	13	Bacteria	Proteobacteria	Gammaproteobacteria	Enterobacterales	Pasteurellaceae	Haemophilus	None	0.0	0.0	0.0	0.0031458654340010272	0.0	0.0	0.0085995085995086	0.0	0.0	0.0	0.0	0.0	0.0	0.0	0.0	0.0	0.0	0.0	0.0
H_influenzae_str_M14666_id_GCA_003494725_1	22	14	Bacteria	Proteobacteria	Gammaproteobacteria	Enterobacterales	Pasteurellaceae	Haemophilus	None	0.0	0.0	0.0	0.0	0.0	0.0	0.0	0.0	0.0	0.0	0.0	0.0	0.011381760185587937	0.0	0.0	0.011253614988054822	0.005653550429669833	0.0	0.0
H_influenzae_str_M25147_id_GCA_003496925_1	22	22	Bacteria	Proteobacteria	Gammaproteobacteria	Enterobacterales	Pasteurellaceae	None	None	0.0	0.0	0.011526750761200522	0.0	0.0	0.0	0.012251703639263449	0.011072261072261072	0.0	0.0	0.0	0.0	0.0	0.0	0.0	0.0	0.0	0.0	0.0
H_influenzae_str_60295_NP_Hi1_id_GCA_004802075_1	22	14	Bacteria	Proteobacteria	Gammaproteobacteria	Enterobacterales	Pasteurellaceae	Haemophilus	None	0.0	0.0	0.0	0.0	0.0	0.0	0.0	0.0	0.0	0.0	0.0	0.0	0.0	0.0	0.0	0.0	0.0	0.0	0.0
H_influenzae_str_P608_8895_id_GCA_003415305_1	22	14	Bacteria	Proteobacteria	Gammaproteobacteria	Enterobacterales	Pasteurellaceae	Haemophilus	None	0.0030643513789581204	0.0	0.0	0.0	0.014322327755163577	0.0	0.0	0.0	0.0	0.0	0.0	0.0	0.02061152061152061	0.007907542579075427	0.0	0.0	0.015588578088578088	0.0	0.0
H_influenzae_str_P677_2580_id_GCA_003414465_1	22	13	Bacteria	Proteobacteria	Gammaproteobacteria	Enterobacterales	Pasteurellaceae	Haemophilus	None	0.0	0.0036496350364963502	0.0	0.0	0.0	0.0	0.041014353514353515	0.0	0.0	0.0	0.0	0.0	0.020081770081770083	0.06505531505531505	0.0	0.0220911404117511	0.0	0.0	0.0
H_influenzae_str_P645_8193_id_GCA_003414225_1	22	14	Bacteria	Proteobacteria	Gammaproteobacteria	Enterobacterales	Pasteurellaceae	Haemophilus	None	0.0	0.0	0.0	0.0003210066769388803	0.0	0.0	0.0	0.0	0.0	0.0	0.0	0.0	0.0011599246049006815	0.0	0.0	0.0	0.002377792523777925	0.0	0.0
H_influenzae_str_60294_NP_Hi1_id_GCA_004802405_1	22	13	Bacteria	Proteobacteria	Gammaproteobacteria	Enterobacterales	Pasteurellaceae	Haemophilus	None	0.0	0.0	0.018764568764568765	0.0	0.0	0.007960965588084233	0.0	0.0	0.0	0.0	0.0	0.0	0.0	0.0	0.0	0.0	0.0	0.0	0.0
H_influenzae_str_P603_4482_id_GCA_003415355_2	22	13	Bacteria	Proteobacteria	Gammaproteobacteria	Enterobacterales	Pasteurellaceae	Haemophilus	None	0.0	0.008613101974097825	0.017016317016317017	0.02109612875163114	0.0027548209366391185	0.0	0.0	0.0	0.0	0.0	0.0	0.0	0.04463868578701114	0.012034217775844569	0.0	0.0	0.04815849554001337	0.0	0.0
H_influenzae_str_60373_BAL_Hi1_id_GCA_004802295_1	22	12	Bacteria	Proteobacteria	Gammaproteobacteria	Enterobacterales	Pasteurellaceae	Haemophilus	None	0.0	0.0	0.0	0.0	0.0037697549659272147	0.0	0.0	0.0	0.0	0.0	0.0	0.0	0.0	0.0	0.0040597361171523854	0.0	0.0	0.0	0.0
H_influenzae_str_1P16H5_id_GCA_002991295_1	22	22	Bacteria	Proteobacteria	Gammaproteobacteria	Enterobacterales	Pasteurellaceae	None	None	0.0	0.0	0.0	0.0	0.0	0.0	0.00011059500110595002	0.0	0.0	0.0	0.0	0.0	0.0	0.0	0.0	0.0	0.0	0.0	0.0
H_influenzae_str_PN134_id_GCA_013402015_1	22	22	Bacteria	Proteobacteria	Gammaproteobacteria	Enterobacterales	Pasteurellaceae	None	None	0.0	0.001257387149503332	0.0	0.0	0.0	0.0	0.0	0.0	0.0	0.0	0.0	0.0	0.011744236624619401	0.015793528505392913	0.0	0.0	0.02142166074856775	0.0	0.0
H_influenzae_str_PTHi_1402_id_GCA_900407805_1	22	14	Bacteria	Proteobacteria	Gammaproteobacteria	Enterobacterales	Pasteurellaceae	Haemophilus	None	0.0	0.0	0.005931746822802946	0.0	0.0	0.0	0.0	0.0	0.0	0.0	0.003926122539261226	0.0	0.0	0.0	0.0	0.0012718425127184252	0.0	0.0	0.0
H_influenzae_str_PTHi_8273_id_GCA_900408165_1	22	15	Bacteria	Proteobacteria	Gammaproteobacteria	Enterobacterales	Pasteurellaceae	Haemophilus	None	0.0	0.0	0.0	0.0	0.0	0.0	0.0	0.0	0.0	0.0	0.0	0.0	0.0043132050431320505	0.008304195804195804	0.0	0.0	0.0	0.0	0.0
H_influenzae_str_60370_BAL_Hi2_id_GCA_004802355_1	22	14	Bacteria	Proteobacteria	Gammaproteobacteria	Enterobacterales	Pasteurellaceae	Haemophilus	None	0.0	0.0	0.003987240829346092	0.0	0.0	0.0	0.0	0.0	0.0	0.0	0.0	0.0	0.001812382195157315	0.009061910975786574	0.0	0.0	0.01036682615629984	0.0	0.0
H_influenzae_str_P612_8066_id_GCA_003415255_1	22	14	Bacteria	Proteobacteria	Gammaproteobacteria	Enterobacterales	Pasteurellaceae	Haemophilus	None	0.0	0.0037092920910348297	0.0	0.0	0.0	0.0	0.005928853754940711	0.0	0.0	0.0	0.0	0.0	0.011989459815546772	0.0	0.0	0.0	0.0	0.0	0.0
H_influenzae_str_1_id_GCA_003203015_1	22	22	Bacteria	Proteobacteria	Gammaproteobacteria	Enterobacterales	Pasteurellaceae	None	None	0.0	0.0	0.0	0.0	0.0	0.0	0.0	0.0	0.0	0.0	0.0	0.0	0.0	0.0	0.0	0.0	0.0	0.0	0.0
H_influenzae_str_PTHi_13064_id_GCA_900407625_1	22	13	Bacteria	Proteobacteria	Gammaproteobacteria	Enterobacterales	Pasteurellaceae	Haemophilus	None	0.0	0.0	0.0	0.0	0.0	0.0	0.013104013104013103	0.0	0.0	0.0	0.0	0.0	0.0	0.0	0.0	0.0	0.0	0.0	0.0
H_influenzae_str_124P40H1_id_GCA_002991045_1	22	22	Bacteria	Proteobacteria	Gammaproteobacteria	Enterobacterales	Pasteurellaceae	None	None	0.0	0.0	0.0	0.0	0.0	0.0	0.0028213166144200625	0.008699434536755112	0.0	0.0	0.0	0.0	0.00840945338552994	0.020803270803270803	0.0	0.0	0.0	0.0	0.0
H_influenzae_str_24_id_GCA_003203275_1	22	14	Bacteria	Proteobacteria	Gammaproteobacteria	Enterobacterales	Pasteurellaceae	Haemophilus	None	0.0	0.0	0.0	0.0	0.003334783239089459	0.0	0.0	0.0	0.0	0.0	0.0	0.0	0.0	0.0001449905756125852	0.0	0.0	0.015904778147629747	0.0	0.0
H_influenzae_str_WAPHL1_id_GCA_002237715_1	22	22	Bacteria	Proteobacteria	Gammaproteobacteria	Enterobacterales	Pasteurellaceae	None	None	0.0	0.0	0.0	0.0	0.0	0.0	0.0	0.0	0.0	0.0	0.010813529485728656	0.0	0.0	0.0	0.0	0.013124879366917584	0.0	0.0	0.0
H_influenzae_str_149P2H1_id_GCA_002991135_1	22	22	Bacteria	Proteobacteria	Gammaproteobacteria	Enterobacterales	Pasteurellaceae	None	None	0.0	0.002102363346382485	0.0	0.0	0.0	0.0	0.0	0.0	0.0	0.0	0.0	0.0	0.0	0.0	0.0	0.046829125073399876	0.02377845440046397	0.0	0.0
H_influenzae_str_HI1408_id_GCA_001184705_1	22	22	Bacteria	Proteobacteria	Gammaproteobacteria	Enterobacterales	Pasteurellaceae	None	None	0.0	0.0	0.0	0.0	0.0	0.0	0.021024195442800094	0.0	0.0	0.0	0.0	0.0	0.0	0.022415298623567	0.0	0.013484123531970421	0.023198492098013626	0.0	0.0
H_influenzae_str_PTHi_3421_id_GCA_900407925_1	22	13	Bacteria	Proteobacteria	Gammaproteobacteria	Enterobacterales	Pasteurellaceae	Haemophilus	None	0.0	0.0	0.0	0.0	0.0	0.0	0.012217862535222106	0.0	0.0	0.0	0.0	0.0	0.022616677726166778	0.0	0.0	0.0	0.0	0.0	0.0
H_influenzae_str_40P92H1_id_GCA_002985345_1	22	13	Bacteria	Proteobacteria	Gammaproteobacteria	Enterobacterales	Pasteurellaceae	Haemophilus	None	0.0	0.0	0.0	0.0	0.0	0.0	0.011235955056179775	0.0	0.0	0.0	0.0	0.0	0.0	0.0	0.0	0.0	0.022727272727272728	0.0	0.0
H_influenzae_str_839_HINF_id_GCA_001059185_1	22	22	Bacteria	Proteobacteria	Gammaproteobacteria	Enterobacterales	Pasteurellaceae	None	None	0.0	0.0	0.018686868686868686	0.08706482247730296	0.0	0.015184400661579086	0.0	0.0	0.0	0.00011745360582569885	0.0	0.0	0.010870637877937149	0.18618673940933253	0.00781702374059062	0.0923416906175527	0.03596801922160774	0.0	0.0
H_influenzae_str_51P4H_id_GCA_002985485_1	22	22	Bacteria	Proteobacteria	Gammaproteobacteria	Enterobacterales	Pasteurellaceae	None	None	0.0	0.0	0.0	0.0	0.0	0.0	0.0	0.0	0.0015224010439321444	0.0	0.0	0.0	0.0	0.0	0.0	0.0	0.012683009874021111	0.0	0.0
H_influenzae_str_148P4H1_id_GCA_002985005_1	22	13	Bacteria	Proteobacteria	Gammaproteobacteria	Enterobacterales	Pasteurellaceae	Haemophilus	None	0.0	0.0	0.0	0.013436817284842585	0.0	0.0	0.0	0.0	0.0	0.0	0.0	0.0	0.0	0.0	0.0	0.02466268524662685	0.0	0.0	0.0
H_influenzae_str_PTHi_5709_id_GCA_900408095_1	21	21	Bacteria	Proteobacteria	Gammaproteobacteria	Enterobacterales	Pasteurellaceae	None	None	0.0	0.0	0.0015873015873015873	0.0	0.0	0.0	0.0	0.011088326877800562	0.0	0.0	0.0	0.0	0.0	0.0	0.0	0.0	0.012227538543328018	0.0	0.0
H_influenzae_str_492_HINF_id_GCA_001076835_1	22	14	Bacteria	Proteobacteria	Gammaproteobacteria	Enterobacterales	Pasteurellaceae	Haemophilus	None	0.0	0.0	0.01734906315058987	0.0	0.0	0.0	0.0	0.0	0.0	0.0	0.0	0.0	0.04437229437229437	0.0	0.0	0.0	0.01174668028600613	0.0	0.0
H_influenzae_str_RHH_3_id_GCA_015694745_1	22	13	Bacteria	Proteobacteria	Gammaproteobacteria	Enterobacterales	Pasteurellaceae	Haemophilus	None	0.0	0.0	0.0	0.0	0.0	0.0	0.0	0.0	0.0	0.0	0.0	0.0	0.0	0.0015321756894790602	0.0	0.0	0.0	0.0	0.0
H_influenzae_str_19P81H1_id_GCA_002985065_1	22	22	Bacteria	Proteobacteria	Gammaproteobacteria	Enterobacterales	Pasteurellaceae	None	None	0.0	0.0	0.0	0.0	0.0	0.0	0.0	0.0	0.0	0.0	0.0	0.0	0.025010453922667663	0.0202020202020202	0.0	0.0	0.022607022607022607	0.0	0.0
H_influenzae_str_40P44H1_id_GCA_002985305_1	22	13	Bacteria	Proteobacteria	Gammaproteobacteria	Enterobacterales	Pasteurellaceae	Haemophilus	None	0.0021566025215660253	0.0	0.007312252964426877	0.0	0.0	0.0	0.0030816640986132513	0.0	0.0038422502537335075	0.0	0.0	0.0	0.0	0.001582994120307553	0.0	0.028082191780821917	0.004940711462450593	0.0	0.0
H_influenzae_str_PTHi_2060_id_GCA_900407905_1	22	14	Bacteria	Proteobacteria	Gammaproteobacteria	Enterobacterales	Pasteurellaceae	Haemophilus	None	0.0	0.0	0.0	0.0	0.0	0.0	0.0	0.0	0.0	0.0	0.015793528505392913	0.0	0.0	0.0	0.0	0.0	0.0	0.0	0.0
H_influenzae_str_M03842_id_GCA_003491005_1	22	13	Bacteria	Proteobacteria	Gammaproteobacteria	Enterobacterales	Pasteurellaceae	Haemophilus	None	0.0	0.0	0.0	0.012251703639263449	0.0	0.0	0.0	0.0	0.0	0.0	0.0	0.0	0.004086508235885829	0.03002654280026543	0.0	0.0	0.0	0.0	0.0
H_influenzae_str_P658_8889_id_GCA_003414605_1	22	14	Bacteria	Proteobacteria	Gammaproteobacteria	Enterobacterales	Pasteurellaceae	Haemophilus	None	0.0	0.0	0.0	0.0	0.0	0.0	0.020237338419156602	0.0	0.0	0.0	0.0	0.0	0.0	0.01873698820263706	0.0	0.0	0.02301642377978256	0.0	0.0
H_influenzae_str_P596_8591_id_GCA_003415525_1	22	14	Bacteria	Proteobacteria	Gammaproteobacteria	Enterobacterales	Pasteurellaceae	Haemophilus	None	0.0	0.0	0.0	0.0	0.0	0.0	0.008626410086264101	0.0	0.0	0.0	0.0	0.0	0.0	0.0	0.0	0.0	0.009172012091720121	0.0	0.0
H_influenzae_str_841_HINF_id_GCA_001058575_1	22	14	Bacteria	Proteobacteria	Gammaproteobacteria	Enterobacterales	Pasteurellaceae	Haemophilus	None	0.15228176313607392	0.3956923593873963	1.1272236240281648	0.12761223022417054	0.09459250586822071	0.0	0.20458356655609997	0.08342544392264972	0.02140141852743179	0.14108464715065966	0.0	0.0287004662004662	10.256974621028084	4.592740526930218	0.11138654602395061	0.7623947027597441	1.6407633896117049	0.0	0.01093926820067899
H_influenzae_str_159_HINF_id_GCA_001055565_1	22	15	Bacteria	Proteobacteria	Gammaproteobacteria	Enterobacterales	Pasteurellaceae	Haemophilus	None	0.010044262853251619	0.03982742922557492	0.022235996326905417	0.034756556306431936	0.06529309974590808	0.0	0.04088293086288726	0.016985138004246284	0.04972829972829973	0.08851151908550714	0.024260240820750376	0.0	0.655139768523485	0.30172160630521894	0.026078088578088576	0.32220752080735193	0.8264490948865494	0.0	0.0
H_influenzae_str_AS1_id_GCA_021391215_1	22	14	Bacteria	Proteobacteria	Gammaproteobacteria	Enterobacterales	Pasteurellaceae	Haemophilus	None	0.0	0.03463203463203463	0.022598870056497175	0.0	0.0	0.0	0.010230037602300375	0.0	0.0	0.0	0.0	0.0	0.018606682901377833	0.03245141593886285	0.0	0.0	0.0	0.0	0.0
H_influenzae_str_39P18H1_id_GCA_002990315_1	22	22	Bacteria	Proteobacteria	Gammaproteobacteria	Enterobacterales	Pasteurellaceae	None	None	0.0	0.0	0.022669442516770763	0.004815100154083205	0.0	0.0	0.0	0.0	0.0	0.0	0.0	0.0	0.0	0.0	0.0	0.0	0.0	0.0	0.0
H_influenzae_str_39P25H_id_GCA_002991365_1	22	22	Bacteria	Proteobacteria	Gammaproteobacteria	Enterobacterales	Pasteurellaceae	None	None	0.0	0.0	0.0	0.0	0.0	0.0	0.005087370050873701	0.0	0.0	0.0	0.0	0.0	0.000628693574751666	0.0	0.000273000273000273	0.0	0.0009555009555009556	0.0	0.0
H_influenzae_str_AS012764_id_GCA_010604085_1	22	14	Bacteria	Proteobacteria	Gammaproteobacteria	Enterobacterales	Pasteurellaceae	Haemophilus	None	0.0	0.0	0.0	0.0	0.0	0.0	0.0	0.0	0.0	0.0	0.002553626149131767	0.0	0.005721111530240161	0.0	0.0	0.0	0.002377792523777925	0.0053085600530856005	0.0
H_influenzae_str_12P37H2_id_GCA_002984945_1	22	13	Bacteria	Proteobacteria	Gammaproteobacteria	Enterobacterales	Pasteurellaceae	Haemophilus	None	0.0	0.0	0.0	0.0	0.0	0.0	0.0	0.0	0.0	0.0	0.0	0.0	0.0	0.026524048470613352	0.0	0.0	0.008790191996298867	0.0	0.0
H_influenzae_str_NCTC8143_id_GCA_001457655_1	22	22	Bacteria	Proteobacteria	Gammaproteobacteria	Enterobacterales	Pasteurellaceae	None	None	0.0	0.0	0.0	0.0	0.0	0.0	0.0	0.0	0.0	0.0	0.0	0.0	0.024019024906921385	0.0	0.0	0.0	0.012352827639451842	0.0	0.0
H_influenzae_str_NCTC11931_id_GCA_900475535_1	22	22	Bacteria	Proteobacteria	Gammaproteobacteria	Enterobacterales	Pasteurellaceae	None	None	0.0	0.0	0.0	0.0	0.0	0.0004494093477144325	0.0	0.0	0.0	0.0	0.0	0.0	0.0	0.0	0.0	0.0	0.0	0.0	0.0
H_influenzae_str_CHBN_IV_1_id_GCA_019703735_1	22	13	Bacteria	Proteobacteria	Gammaproteobacteria	Enterobacterales	Pasteurellaceae	Haemophilus	None	0.0	0.0	0.0	0.0	0.0	0.0	0.007575757575757575	0.0	0.0	0.0	0.0	0.0	0.0	0.012383449883449882	0.0	0.0	0.0	0.0	0.0
H_influenzae_str_M21384_id_GCA_003351425_1	21	21	Bacteria	Proteobacteria	Gammaproteobacteria	Enterobacterales	Pasteurellaceae	None	None	0.0	0.0	0.0	0.0	0.0	0.0012744757270304716	0.0	0.0	0.0	0.0	0.0	0.0	0.0	0.0	0.0	0.0	0.0	0.0	0.0
H_influenzae_str_22_4_21_id_GCA_000169855_1	24	14	Bacteria	Proteobacteria	Gammaproteobacteria	Enterobacterales	Pasteurellaceae	Haemophilus	None	0.0	0.02035623409669211	0.006130268199233717	0.0	0.0	0.007421543681085666	0.0	0.0	0.0	0.0	0.007222222222222223	0.0	0.0	0.0	0.0	0.0	0.02541928721174004	0.0	0.0
H_influenzae_str_F3039_id_GCA_005888205_1	22	14	Bacteria	Proteobacteria	Gammaproteobacteria	Enterobacterales	Pasteurellaceae	Haemophilus	None	0.0	0.0	0.0	0.0	0.0	0.0	0.0	0.0	0.0	0.0	0.0	0.0	0.0	0.0	0.0	0.0	0.02066115702479339	0.0	0.0
H_influenzae_str_CGSHiCZ412602_id_GCA_000698365_1	22	22	Bacteria	Proteobacteria	Gammaproteobacteria	Enterobacterales	Pasteurellaceae	None	None	0.0	0.0	0.0	0.0	0.0	0.0	0.0	0.0	0.0	0.0	0.0	0.0	0.025215660252156602	0.0	0.0	0.0	0.025680534155110426	0.0	0.0
H_influenzae_str_PittHH_id_GCA_000169815_1	23	14	Bacteria	Proteobacteria	Gammaproteobacteria	Enterobacterales	Pasteurellaceae	Haemophilus	None	0.0	0.0	0.006128776407815993	0.0	0.0	0.005924045276631757	0.0	0.0	0.0019570506717444197	0.0	0.0	0.0	0.0	0.016978736908917803	0.0	0.0	0.0	0.0	0.0
H_massiliensis_str_NA_id_GCA_000752475_1	22	15	Bacteria	Proteobacteria	Gammaproteobacteria	Enterobacterales	Pasteurellaceae	Necropsobacter	Necropsobacter massiliensis	0.0	0.3946145721982271	0.6587677601191906	0.0	0.0	0.0	0.0	0.0	0.0	0.009787657597876575	0.0	0.0	0.05089476622323337	0.0	0.0	0.0	0.0	0.0	0.0
H_parahaemolyticus_str_NCTC10794_id_GCA_900450875_1	22	22	Bacteria	Proteobacteria	Gammaproteobacteria	Enterobacterales	Pasteurellaceae	None	None	0.008695652173913044	0.03409090909090909	0.0036496350364963502	0.0	0.0	0.0	0.0	0.0	0.0	0.0	0.0	0.0	0.02166193181818182	0.0	0.0	0.05274303556746305	0.013170163170163172	0.0	0.013694638694638694
H_parahaemolyticus_str_C2006000788_id_GCA_003252925_1	22	8	Bacteria	Proteobacteria	Gammaproteobacteria	Enterobacterales	Pasteurellaceae	Haemophilus	Haemophilus parahaemolyticus	0.0027548209366391185	0.0	0.0	0.0	0.0	0.0	0.0	0.017696044413601664	0.0	0.0	0.0018939393939393938	0.0	0.0	0.0	0.0	0.039274497766864175	0.014131701631701632	0.0	0.0
H_parahaemolyticus_str_C2010039593_id_GCA_003253075_1	22	22	Bacteria	Proteobacteria	Gammaproteobacteria	Enterobacterales	Pasteurellaceae	None	None	0.0	0.0	0.0	0.0	0.0	0.0	0.0	0.0	0.0	0.0	0.0	0.0	0.0	0.0	0.0	0.019255862373646935	0.01943095072866065	0.0	0.0
H_parahaemolyticus_str_G321_id_GCA_000826045_1	22	22	Bacteria	Proteobacteria	Gammaproteobacteria	Enterobacterales	Pasteurellaceae	None	None	0.0	0.005973193473193473	0.0	0.0	0.009906759906759906	0.0	0.0	0.0	0.0	0.0	0.0	0.0	0.0	0.0	0.0	0.003334783239089459	0.011321075927817502	0.0	0.0
H_parahaemolyticus_str_NCTC_8479_id_GCA_900450675_1	22	10	Bacteria	Proteobacteria	Gammaproteobacteria	Enterobacterales	Pasteurellaceae	Haemophilus	Haemophilus parahaemolyticus	0.0	0.0	0.0	0.0	0.0	0.0	0.0	0.0	0.0	0.0	0.0	0.0	0.0	0.0	0.0	0.008777271417720856	0.08632442207511425	0.0	0.0
H_parainfluenzae_str_C2004002727_id_GCA_003252885_1	22	14	Bacteria	Proteobacteria	Gammaproteobacteria	Enterobacterales	Pasteurellaceae	Haemophilus	None	0.024399766899766903	0.1192048437502983	0.18698446737295382	0.1293162021876535	0.129257909385028	0.0584842780413108	0.16092129776999525	0.2958142984473607	0.03228840125391849	0.10993010102639814	0.15876971831485853	0.0011556240369799693	2.9476572863707435	4.387191478581234	0.13387124011678145	1.102119689748495	1.0224950885917499	0.04270204058339652	0.01962809917355372
H_parainfluenzae_str_C2005004058_id_GCA_003252915_1	22	15	Bacteria	Proteobacteria	Gammaproteobacteria	Enterobacterales	Pasteurellaceae	Haemophilus	None	0.0492605597238926	0.18465085232713682	0.18074999146307624	0.12516704824325872	0.0	0.016308119361554477	0.17241597248712606	0.24717683753240127	0.0034026707755521316	0.15446209560385857	0.014567652449331838	0.0	3.6005198519009807	2.2641306323005224	0.4246349014156627	1.151307710343024	1.4830628366699345	0.007254750898818696	0.0
H_parainfluenzae_str_C2004002729_id_GCA_003252795_1	22	14	Bacteria	Proteobacteria	Gammaproteobacteria	Enterobacterales	Pasteurellaceae	Haemophilus	None	0.09648409206174917	0.23605318342597076	0.3758937974178	0.004150197628458498	0.008508158508158508	0.0	0.14322265004421195	0.06524303021831884	0.12251466650302048	0.12593792878261842	0.019397767489370544	0.0	1.7548033416230344	1.3790921062777737	0.13177533100346975	0.796410481909048	0.8482375540955055	0.05649884414386846	0.0
H_parainfluenzae_str_60884_B_Hi_2_id_GCA_001949895_1	22	14	Bacteria	Proteobacteria	Gammaproteobacteria	Enterobacterales	Pasteurellaceae	Haemophilus	None	0.0	0.05640402564141333	0.163898529760406	0.01933245282011387	0.03775433605942081	0.0	0.024121815166591287	0.05409900532037937	0.029356060606060608	0.03517694426785336	0.0	0.0	0.7455428849069897	0.5947486445495856	0.08820941156139758	0.3885730898720151	0.6512535222618353	0.0	0.0
H_parainfluenzae_str_UMB0748_id_GCA_002884755_1	22	14	Bacteria	Proteobacteria	Gammaproteobacteria	Enterobacterales	Pasteurellaceae	Haemophilus	None	0.08905035012009933	0.11842574267960503	0.4371349053263046	0.0036363636363636364	0.08944552254897083	0.06665421092902009	0.1270225469098434	0.5630437775817169	0.0681691116675227	0.45962206659887683	0.20891842338940528	0.006767676767676767	2.231398798296133	1.755706138136044	0.6930446284251767	1.6832408694637804	1.9651375145637302	0.0785502146649817	0.0
H_parainfluenzae_str_ATCC_9796_id_GCA_001680775_1	22	14	Bacteria	Proteobacteria	Gammaproteobacteria	Enterobacterales	Pasteurellaceae	Haemophilus	None	0.0	0.13487586560590833	0.16568010531410818	0.0	0.07595998149433264	0.009842955098429551	0.10891495589031885	0.2996543615470404	0.08241549823283711	0.2019728889528542	0.18618761031294076	0.029262086513994912	4.559998279828509	1.2431077447082364	0.3163388337258683	0.5108377257298605	0.8556201413621994	0.11029744755014176	0.0
H_parainfluenzae_str_C2006002596_id_GCA_003252755_1	22	15	Bacteria	Proteobacteria	Gammaproteobacteria	Enterobacterales	Pasteurellaceae	Haemophilus	None	0.1540877606771118	0.7287791782277679	1.5314665146066972	0.09043173011382456	0.046406707889440214	0.0	0.14934088690410785	0.09262187012937506	0.06767938394598251	0.07616279663764874	0.0836151468634839	0.036724747837154556	9.196040790415687	4.899948822552957	0.04201752385033402	0.9387879944385084	1.4364260182187503	0.0	0.0
H_parainfluenzae_str_65114_B_Hi_3_id_GCA_001949885_1	22	14	Bacteria	Proteobacteria	Gammaproteobacteria	Enterobacterales	Pasteurellaceae	Haemophilus	None	0.0	0.12906868274855923	0.10284843560328251	0.019347319347319345	0.05337668409147479	0.0	0.07196969696969696	0.030688238315356962	0.014452214452214451	0.054655198815782756	0.02582096295906371	0.0	1.2083282671822864	0.5250111508726865	0.06759239488247122	0.3710977743158077	0.7561805266819307	0.0	0.0
H_parainfluenzae_str_Haemophilus_parainfluenzae_BgEED17_id_GCA_901873375_1	22	14	Bacteria	Proteobacteria	Gammaproteobacteria	Enterobacterales	Pasteurellaceae	Haemophilus	None	0.00519237316990126	0.04432337116179142	0.21250922861032934	0.026659111639348795	0.048039453374963265	0.0	0.057379884355553905	0.05415512441059886	0.0	0.012196655350182321	0.07110726428908247	0.017436267436267437	2.1823088589170934	0.8792128701926504	0.00992717744542562	0.3405101430218174	1.2671177008758538	0.0	0.0
H_parainfluenzae_str_209_HPAR_id_GCA_001055885_1	22	14	Bacteria	Proteobacteria	Gammaproteobacteria	Enterobacterales	Pasteurellaceae	Haemophilus	None	0.0	0.16105570528336524	0.10258652085419352	0.012994912629949125	0.007354567573545676	0.0	0.028218696062207515	0.02284752284752285	0.03805843597759929	0.09435119177573313	0.04774229601815809	0.0	2.161141551266784	0.8815338269198797	0.267631455331975	0.9480021103393041	1.0504763867751723	0.020359848484848484	0.0
H_parainfluenzae_str_C2004000280_id_GCA_003252725_1	22	14	Bacteria	Proteobacteria	Gammaproteobacteria	Enterobacterales	Pasteurellaceae	Haemophilus	None	0.0	0.18638167225005758	0.3092736908418773	0.018334800285007755	0.0	0.0	0.07517288846451256	0.04397583778750766	0.06113341204250295	0.07925602381375686	0.0312640749081427	0.0	1.712031414083274	0.75239507309539	0.12175134159156298	0.4649302148964838	0.5036916202155501	0.0	0.0
H_parainfluenzae_str_CCUG_58848_id_GCA_001679405_1	22	15	Bacteria	Proteobacteria	Gammaproteobacteria	Enterobacterales	Pasteurellaceae	Haemophilus	None	0.0	0.05125763251237803	0.4248822500206277	0.12193264025913199	0.016474266474266475	0.0	0.07945910091749943	0.7853459639575309	0.050084540174646	0.5602122288787225	0.3132651982160279	0.015454545454545455	2.3103453218323384	1.5212548426764179	1.4765393508549316	0.8944709187824444	2.4878786241572928	0.022486510336725853	0.0
H_parainfluenzae_str_M1C111_2_id_GCA_014982385_1	22	14	Bacteria	Proteobacteria	Gammaproteobacteria	Enterobacterales	Pasteurellaceae	Haemophilus	None	0.04837425348374254	0.055540356589974915	0.14822058510317326	0.05729354588989002	0.0	0.03843998795655359	0.16381528261714992	0.09456312131330553	0.022113022113022116	0.15840765456520864	0.25271775316667316	0.0	2.028839518936851	1.143496219367983	0.2911246178533583	0.8087337484132638	1.107015377638053	0.006006006006006006	0.0
H_parainfluenzae_str_432_HPAR_id_GCA_001055095_1	22	14	Bacteria	Proteobacteria	Gammaproteobacteria	Enterobacterales	Pasteurellaceae	Haemophilus	None	0.01264367816091954	0.2665638590738188	0.3900412008880299	0.011072261072261072	0.03616012600488113	0.001483365119728756	0.2295521176752538	0.03170311327090988	0.014598540145985401	0.13869959315959782	0.04693914598940899	0.0	1.873671783166482	1.2288659327803553	0.11771005133122271	1.2145366031587572	1.0691042917975475	0.0	0.0
H_parainfluenzae_str_146_HPAR_id_GCA_001053575_1	22	14	Bacteria	Proteobacteria	Gammaproteobacteria	Enterobacterales	Pasteurellaceae	Haemophilus	None	0.035801489999963285	0.0	0.08069467993132115	0.0	0.0	0.0	0.03964937130995525	0.07302143714007615	0.0008801710046523325	0.06401569356800588	0.031284782409541384	0.0	1.678354883368953	1.1686669959528901	0.18261413097317417	1.1014616064129479	1.2730056274194756	0.04179728317659352	0.0
H_parainfluenzae_str_M1C116_1_id_GCA_014982375_1	22	15	Bacteria	Proteobacteria	Gammaproteobacteria	Enterobacterales	Pasteurellaceae	Haemophilus	None	0.12416177278662605	0.07078417765440666	0.28656374431284665	0.034775122769193915	0.024361738393358947	0.03000150761344791	0.17018940079780845	0.17180125918522532	0.0697853699972344	0.16562645551305855	0.31492805079342534	0.0	7.792790063976679	1.7423221795430275	0.4098938974940944	1.3470513026553197	1.0892654511167035	0.021294021294021293	0.0
H_parainfluenzae_str_C2008001710_id_GCA_003252775_1	22	14	Bacteria	Proteobacteria	Gammaproteobacteria	Enterobacterales	Pasteurellaceae	Haemophilus	None	0.012028683784408974	0.05481978787063533	0.12270766310914104	0.027039173225613902	0.055522255522255516	0.027376033057851242	0.008550232616622659	0.013510905230650454	0.0	0.09174742584039729	0.0687440808679962	0.011299435028248588	1.0152592208448405	0.5125859559748995	0.07663895137206057	0.687546846283332	0.8629173993165018	0.03619958522920729	0.0
H_parainfluenzae_str_LC_1315_18_id_GCA_008868695_1	23	16	Bacteria	Proteobacteria	Gammaproteobacteria	Enterobacterales	Pasteurellaceae	Haemophilus	None	0.032683658170914544	0.014935280451377365	0.12418536571936356	0.0014992503748125937	0.0	0.0	0.0	0.1700154952255698	0.0	0.05255404817862632	0.018115942028985508	0.0	0.6718172696472398	0.12461159712916497	0.04954297269445428	0.03749563855770295	0.1135977973787821	0.006923289947382996	0.0
H_parainfluenzae_str_488_HPAR_id_GCA_001057005_1	22	14	Bacteria	Proteobacteria	Gammaproteobacteria	Enterobacterales	Pasteurellaceae	Haemophilus	None	0.0571765962630102	0.1076026044905713	0.3058210236911167	0.06393045174654644	0.06416570532729908	0.0	0.20171730092166335	0.3150503450661949	0.02876078249212578	0.6835537624932034	0.2175069882494853	0.022727272727272728	2.142339997291476	1.5742309234425036	0.8814981060221991	1.3020619767343684	2.1533513745544486	0.02398716968969156	0.0
H_parainfluenzae_str_137_HINF_id_GCA_001053535_1	22	15	Bacteria	Proteobacteria	Gammaproteobacteria	Enterobacterales	Pasteurellaceae	Haemophilus	None	0.0039607695209354955	0.07283862634635013	0.23732767668944987	0.109394028363494	0.0	0.051575261164607575	0.09277961435408551	0.4961712081989145	0.06814418021314574	0.8528908020529795	0.614548264233253	0.00974025974025974	2.2711080059127444	2.0971436851379397	1.3550468256959423	1.1869184649758198	1.9490668822914414	0.015655484756608353	0.0
H_parainfluenzae_str_1128_HPAR_id_GCA_001053915_1	22	14	Bacteria	Proteobacteria	Gammaproteobacteria	Enterobacterales	Pasteurellaceae	Haemophilus	None	0.04966329966329966	0.0508553951292436	0.13784193166823247	0.0003443526170798898	0.0	0.0	0.03948135198135198	0.02769735572283343	0.0	0.0023674242424242425	0.10392186293850245	0.0	0.7174327268361407	0.4083710856609169	0.09434365503333003	0.5449328347013171	0.7464572879892849	0.01829101829101829	0.0
H_parainfluenzae_str_155_HPAR_id_GCA_001054475_1	22	15	Bacteria	Proteobacteria	Gammaproteobacteria	Enterobacterales	Pasteurellaceae	Haemophilus	None	0.0	0.04186099251863235	0.09148892324932388	0.0272967772967773	0.020396270396270396	0.0	0.013326697633266976	0.004147312541473125	0.02191142191142191	0.07817375831946513	0.1251300715786424	0.0	0.893472353304946	0.7128863961739701	0.11823970989699327	0.39653984918953655	0.8640378455817216	0.0	0.0
H_parainfluenzae_str_1209_HPAR_id_GCA_001053035_1	22	17	Bacteria	Proteobacteria	Gammaproteobacteria	Enterobacterales	Pasteurellaceae	Haemophilus	None	0.01050275482093664	0.026750261233019854	0.12285936797363717	0.024323893523192176	0.04958677685950413	0.0	0.09138271628903136	0.0596999096999097	0.009705590258020105	0.0	0.02181755903129949	0.0	0.4787343010459672	0.5031965565841433	0.1115702479338843	0.555806246215671	0.5020878010782627	0.00393939393939394	0.0
H_parainfluenzae_str_901_HPAR_id_GCA_001059815_1	22	14	Bacteria	Proteobacteria	Gammaproteobacteria	Enterobacterales	Pasteurellaceae	Haemophilus	None	0.0065543071161048684	0.18762732444250363	0.7534285797118012	0.06819163217023051	0.028846153846153844	0.0	0.20873670985375953	0.05539220929327911	0.053679751924026735	0.04969234481510527	0.022179785259965792	0.028743394010569582	4.990099729706274	4.277252186197422	0.18391475382400682	0.8167196217802193	1.2010498701463936	0.054464968352972765	0.0
H_parainfluenzae_str_COPD_014_E1_O_id_GCA_009914785_1	22	14	Bacteria	Proteobacteria	Gammaproteobacteria	Enterobacterales	Pasteurellaceae	Haemophilus	None	0.05985970445482529	0.2064902840621074	0.3025979479784628	0.01682074987159733	0.07633821157382639	0.0432474972581624	0.15452910132249517	0.08922134409258049	0.018518518518518517	0.21677598365112435	0.18784940274099898	0.0	2.3147647898133594	1.334249408676395	0.14262262650851476	1.2983459121150664	1.5427461984013648	0.034418555165443135	0.0020298680585761927
H_parainfluenzae_str_NCTC10672_id_GCA_900450995_1	22	14	Bacteria	Proteobacteria	Gammaproteobacteria	Enterobacterales	Pasteurellaceae	Haemophilus	None	0.017036031961405098	0.1508719367693334	0.11404970728942936	0.033220845264640884	0.009471921208562429	0.0	0.06716330612809857	0.0	0.0	0.010408432147562582	0.09618299963127548	0.0	1.0091916344079805	0.844247975422239	0.1325836903228409	0.46266773152828367	0.6742273388917753	0.02362690206231122	0.0
H_parainfluenzae_str_M1C137_2_id_GCA_014931395_1	22	14	Bacteria	Proteobacteria	Gammaproteobacteria	Enterobacterales	Pasteurellaceae	Haemophilus	None	0.023319128787878788	0.05396341895242141	0.2532902555518191	0.019028383941560655	0.00169527442254715	0.020004734848484848	0.08060867331014353	0.12308444006139406	0.07485618849039775	0.07732317629566637	0.06912304190119657	0.0	1.4826975419662085	1.000217476276362	0.2130152167474998	0.9230835471266516	0.9043249740984028	0.014639251349574924	0.0
H_parainfluenzae_str_M27794_id_GCA_003390455_1	22	14	Bacteria	Proteobacteria	Gammaproteobacteria	Enterobacterales	Pasteurellaceae	Haemophilus	None	0.007962840079628402	0.00808080808080808	0.3198315779557914	0.03756245035538159	0.11589886806180677	0.07990735379270411	0.33420028139727237	0.16607800497392955	0.021645021645021644	0.06605054275974208	0.07423415360571452	0.0	2.0604280121421925	1.140728802139304	0.0791737411898533	1.3644202782240333	0.7492918434184461	0.028787878787878786	0.0
H_parainfluenzae_str_NCTC10665_id_GCA_900638025_1	22	9	Bacteria	Proteobacteria	Gammaproteobacteria	Enterobacterales	Pasteurellaceae	Haemophilus	Haemophilus parainfluenzae	0.06702526595399055	0.06692538506798272	0.08808441754170594	0.0	0.007696007696007695	0.0	0.04712592212592213	0.03027486334407372	0.030663780663780667	0.07510451690025956	0.0	0.0	0.24010699977678635	0.15088124013263976	0.012326656394453005	0.3283978263962735	0.16782103222340553	0.0	0.0
H_parainfluenzae_str_M1C152_1_id_GCA_014931295_1	22	15	Bacteria	Proteobacteria	Gammaproteobacteria	Enterobacterales	Pasteurellaceae	Haemophilus	None	0.013675879603050929	0.1685933174569538	0.2266316885845043	0.01571224401026178	0.0	0.013353877760657423	0.17479681685101037	0.02942036731845649	0.01456876456876457	0.16793088233258227	0.010926573426573426	0.0	1.1518278794855483	0.9676593876506391	0.07368027553434252	0.8115301339459193	1.0046668878327965	0.022920442628471826	0.0
H_parainfluenzae_str_M1C160_1_id_GCA_014931275_1	22	15	Bacteria	Proteobacteria	Gammaproteobacteria	Enterobacterales	Pasteurellaceae	Haemophilus	None	0.021533593134483893	0.028017625371763766	0.08718858526188483	0.006412674462466994	0.0	0.0	0.025351535610695888	0.03444711971155827	0.033510285335102856	0.011188811188811189	0.04633398839603219	0.01621106166560712	1.6700730653575817	0.5054701615432062	0.07447078439901406	0.4334416872836655	0.3657977500752237	0.013257575757575758	0.0
H_parainfluenzae_str_M1C149_1_id_GCA_014931315_1	22	14	Bacteria	Proteobacteria	Gammaproteobacteria	Enterobacterales	Pasteurellaceae	Haemophilus	None	0.04244737450844321	0.10174184991703239	0.21583859049341186	0.0	0.012607830126078301	0.008254963427377221	0.24499041423443427	0.06451105607600748	0.0	0.06633967349814571	0.10306344391142103	0.0	2.035585816009903	1.2210811448878744	0.15476151292161802	1.3705458581755157	1.046562640516974	0.023253757736516358	0.0
H_parainfluenzae_str_M1C120_2_id_GCA_014931455_1	22	14	Bacteria	Proteobacteria	Gammaproteobacteria	Enterobacterales	Pasteurellaceae	Haemophilus	None	0.042588042588042586	0.07227815288160117	0.04132191480017567	0.0	0.01662916184306941	0.0	0.08363790577531036	0.0	0.0	0.041290046622600766	0.0	0.0	1.2195592866972094	0.84464455787225	0.14792774335211237	0.7787792114600346	0.9879102796328442	0.0	0.0
H_parainfluenzae_str_M1C130_2_id_GCA_014931415_1	22	14	Bacteria	Proteobacteria	Gammaproteobacteria	Enterobacterales	Pasteurellaceae	Haemophilus	None	0.03113249281132493	0.0832153377707546	0.12432215859260977	0.04278963129328093	0.09676174055736099	0.02393250688705234	0.16565197213949123	0.009288537549407115	0.0	0.03977290514578091	0.1799034211233167	0.0005529750055297501	2.0659146199914784	0.9802843675535695	0.17901119038143073	1.217419660960267	1.0118137256041932	0.012390857729840781	0.0
H_parainfluenzae_str_M1C125_4_id_GCA_014931435_1	22	14	Bacteria	Proteobacteria	Gammaproteobacteria	Enterobacterales	Pasteurellaceae	Haemophilus	None	0.03775556947198738	0.2525873228898661	0.4599898333013412	0.042116346406949196	0.020529611631306545	0.0	0.09854037696755112	0.10283749650040294	0.014688873467499421	0.08625616251848905	0.09701217810099876	0.0	1.6842705713740707	1.2454549739716934	0.16259586973812706	1.0522309712507552	0.7673373978355393	0.0	0.0
H_parainfluenzae_str_M1C146_1_id_GCA_014931355_1	22	14	Bacteria	Proteobacteria	Gammaproteobacteria	Enterobacterales	Pasteurellaceae	Haemophilus	None	0.01246815486000915	0.17212763122265803	0.17575335052249538	0.005477855477855478	0.012746512746512745	0.0	0.11927111754507548	0.0010059097196026658	0.0	0.12787067792679477	0.05248071406140865	0.0	1.3168456336880625	1.0694064567256392	0.1673058235256046	0.5530802181151508	0.8111374320075437	0.0	0.0
H_parainfluenzae_str_M1C113_1_id_GCA_014931475_1	22	15	Bacteria	Proteobacteria	Gammaproteobacteria	Enterobacterales	Pasteurellaceae	Haemophilus	None	0.0	0.1380091358997741	0.1475965803472284	0.02549016323887363	0.022394816130646856	0.0016161616161616162	0.04257784690624323	0.12606449997086955	0.04380478782392658	0.04774100633973246	0.027391795355688156	0.020046620046620046	1.5541521435140488	1.0148323154628829	0.012444373601591603	0.510188584471779	0.6905475719115043	0.027725683953997625	0.0
H_parainfluenzae_str_M1C142_1_id_GCA_014931375_1	22	14	Bacteria	Proteobacteria	Gammaproteobacteria	Enterobacterales	Pasteurellaceae	Haemophilus	None	0.22331927597072754	0.3719775269084133	0.3902736578198121	0.0	0.03157613917072322	0.05433646812957158	0.1412522304683301	0.09219535885673619	0.07053382900840527	0.12575582600659277	0.0760940254715945	0.01083916083916084	1.4895285131930436	0.9180830121589353	0.10812468650978578	1.129445419416574	1.3050440529522356	0.0176178954804909	0.0
H_parainfluenzae_str_M1C147_1_id_GCA_014931335_1	22	14	Bacteria	Proteobacteria	Gammaproteobacteria	Enterobacterales	Pasteurellaceae	Haemophilus	None	0.06306950625132444	0.07767141455294468	0.1358273341549499	0.028684278684278683	0.0	0.0	0.12671012031286902	0.12962607814374363	0.03788644183987913	0.06299685323233327	0.0	0.0	1.7777569677601839	0.8508328647238413	0.36868597923254404	0.8382212310581626	1.1454780939992015	0.0	0.0
H_parainfluenzae_str_NCTC_7857_id_GCA_900450845_1	22	14	Bacteria	Proteobacteria	Gammaproteobacteria	Enterobacterales	Pasteurellaceae	Haemophilus	None	0.0335548885077187	0.17348713653336753	0.4647787601275093	0.03285665645216207	0.011450381679389311	0.033808595710509586	0.1254353664721387	0.5482728143119698	0.010533719154408809	0.49906620454779094	0.4319207934009037	0.0007538067239559777	2.084106785593304	2.073276723490161	1.2512012455647528	1.0430973226888745	2.5508863633457435	0.0	0.0
H_parainfluenzae_str_HK262_id_GCA_000259485_1	22	14	Bacteria	Proteobacteria	Gammaproteobacteria	Enterobacterales	Pasteurellaceae	Haemophilus	None	0.0	0.0	0.3981637742656329	0.02121657535670274	0.0	0.24487174487230726	1.4286119500309986	0.18474326097183766	0.11873437050548766	0.07925434780489525	0.05191865555152376	0.03443526170798898	2.0324281219540072	2.4001288705611996	0.12624107364671405	9.086418648386793	5.583913410509556	0.03689567430025445	0.0
H_parainfluenzae_str_T3T1_id_GCA_000210895_1	22	14	Bacteria	Proteobacteria	Gammaproteobacteria	Enterobacterales	Pasteurellaceae	Haemophilus	None	0.004526593738211995	0.09254190777117911	0.27304070422747084	0.0	0.0	0.0	0.18105362766253272	0.08508515907430425	0.04172422912232695	0.0931456479844598	0.1237504189059213	0.0	1.7417150558383847	0.9922706647931356	0.07817253368100827	0.560526334908181	0.5470922322753847	0.007055285681239879	0.0
H_paraphrohaemolyticus_str_NCTC10671_id_GCA_900451065_1	22	9	Bacteria	Proteobacteria	Gammaproteobacteria	Enterobacterales	Pasteurellaceae	Haemophilus	Haemophilus paraphrohaemolyticus	0.0	0.0	0.011748844375963019	0.0	0.0	0.0	0.0	0.024570024570024572	0.0	0.0	0.0	0.0	0.0	0.0	0.0	0.6216973786818554	0.0	0.0	0.0
H_paraphrohaemolyticus_str_C2014016342_id_GCA_003253115_1	22	22	Bacteria	Proteobacteria	Gammaproteobacteria	Enterobacterales	Pasteurellaceae	None	None	0.0	0.0	0.0042026100420261	0.0	0.0	0.0	0.0	0.0	0.0	0.0	0.0	0.0	0.08963151992287535	0.0	0.0	0.29363339461037224	0.0	0.0	0.0
H_pittmaniae_str_NCTC13334_id_GCA_900186995_1	22	11	Bacteria	Proteobacteria	Gammaproteobacteria	Enterobacterales	Pasteurellaceae	Haemophilus	Haemophilus pittmaniae	0.0	0.03597039093222299	0.017454908909181773	0.0	0.04390621543906215	0.0	0.00849802371541502	0.0	0.006825006825006825	0.0	0.02143052143052143	0.0	0.05857458039506784	0.1864243566731501	0.026027651422996487	0.05172809342686076	0.00165892501658925	0.0	0.0
H_seminalis_str_SZY_H1_id_GCA_006384255_1	22	22	Bacteria	Proteobacteria	Gammaproteobacteria	Enterobacterales	Pasteurellaceae	None	None	0.0	0.0	0.0	0.0	0.0	0.0	0.0	0.0	0.0	0.0	0.0	0.0	0.018181818181818184	0.008916920400173988	0.0	0.0	0.10789410254210435	0.0	0.0
H_sp_str_C1_id_GCA_001276515_1	22	14	Bacteria	Proteobacteria	Gammaproteobacteria	Enterobacterales	Pasteurellaceae	Haemophilus	None	0.0	0.0	0.004173086800205444	0.01846936518469365	0.0	0.0	0.09150022703471748	0.001760342009304665	0.0	0.00352068401860933	0.0	0.0	0.02940902202352698	0.028008298755186723	0.004840940525587829	0.08603630291161059	0.09767345891747806	0.0	0.0
H_sp_str_CCUG_60358_id_GCA_001679485_1	22	15	Bacteria	Proteobacteria	Gammaproteobacteria	Enterobacterales	Pasteurellaceae	Haemophilus	None	0.0038602586373287008	0.029639724952224954	0.04729211151999758	0.017715617715617717	0.0	0.0196969696969697	0.049581607973727564	0.019648751351370765	0.0	0.07145410487073853	0.0038220038220038222	0.0	1.2524422283776553	0.6383610621777674	0.12148866878259688	0.5026436591593783	0.7699008602632873	0.008018137580181377	0.0
H_sp_HMT_036_str_ccug_66565_id_GCA_001679495_1	22	12	Bacteria	Proteobacteria	Gammaproteobacteria	Enterobacterales	Pasteurellaceae	Haemophilus	None	0.0	0.0	0.0	0.0	0.0	0.04143736698084524	0.0	0.008771929824561403	0.0	0.0	0.0	0.0	0.0	0.07370484611446314	0.0	0.09111398059895914	0.0	0.0	0.0
H_sp_str_HMSC061E01_id_GCA_001810345_1	22	14	Bacteria	Proteobacteria	Gammaproteobacteria	Enterobacterales	Pasteurellaceae	Haemophilus	None	0.043706293706293704	0.20984236467244147	0.23893112303856842	7.24952878062926e-05	0.007215007215007215	0.009501797637390856	0.07065850815850816	0.06288665900576755	0.012931866435051148	0.1335066743387583	0.06055908994187002	0.001734906315058987	1.5894301202710646	0.7983350401064918	0.047451112398906405	0.35235054898114176	0.5220473783937742	0.009915158841189806	0.0
H_sp_str_HMSC066D03_id_GCA_001811025_1	22	14	Bacteria	Proteobacteria	Gammaproteobacteria	Enterobacterales	Pasteurellaceae	Haemophilus	None	0.0	0.10872521580386749	0.30283610691666357	0.0569844066365508	0.0752814742183001	0.0	0.06340790551316866	0.023132084200786492	0.11799534611760891	0.07809756254732331	0.02508060258525944	0.0	1.7354212476721855	0.9901703384902849	0.23622824005449686	0.8012266581530294	1.0020318265910524	0.008629776021080369	0.0
H_sp_str_HMSC068C11_id_GCA_001815355_1	22	14	Bacteria	Proteobacteria	Gammaproteobacteria	Enterobacterales	Pasteurellaceae	Haemophilus	None	0.019108452328489102	0.07755967080403814	0.23202117776369136	0.014462809917355372	0.03158997926004375	0.00519237316990126	0.07299760644890045	0.13895818696276085	0.0	0.20398244683763805	0.14166482916482917	0.0	2.263655773799717	1.1997792196692123	0.0396490342777401	0.9055129574727011	0.9167573241468627	0.0021860394994723353	0.024664115539219388
H_sp_str_HMSC073C03_id_GCA_001814055_1	22	15	Bacteria	Proteobacteria	Gammaproteobacteria	Enterobacterales	Pasteurellaceae	Haemophilus	None	0.003165988240615106	0.0321462245619549	0.03022444964434976	0.03204327483763723	0.001232419892706974	0.0	0.05538493038493039	0.03772161448509997	0.051474142291552054	0.06256859657179109	0.045219047915504	0.0	1.208140410579501	0.41596631874381856	0.1057338153525012	0.7321046235506905	0.7319772951414987	0.02486588371755836	0.002331002331002331
H_sp_str_HMSC61B11_id_GCA_001838615_1	22	14	Bacteria	Proteobacteria	Gammaproteobacteria	Enterobacterales	Pasteurellaceae	Haemophilus	None	0.00825672454885938	0.04644207797734768	0.45911574339078737	0.003552269102508337	0.01142783769902414	0.14501035477190471	1.4002340491781202	0.14916189122869977	0.03957746955672267	0.0721589845677437	0.044189969368635285	0.0351724118373947	1.8296555256884444	1.7820517887939495	0.2964114923860687	11.91846488213598	5.32802088221395	0.011509324009324008	0.0
H_sp_str_HMSC71H05_id_GCA_001838635_1	22	14	Bacteria	Proteobacteria	Gammaproteobacteria	Enterobacterales	Pasteurellaceae	Haemophilus	None	0.03795116772823779	0.2045478169930943	0.20325180479423224	0.052201704545454544	0.08990764544016037	0.0	0.14951209317659914	0.12817172390827206	0.12326921589694367	0.2022895854245317	0.1211742710255756	0.0	1.7192340785370297	1.2861456775505569	0.0595749411881448	0.8601400035614486	1.5131052423110474	0.007790734375660153	0.008953168044077135
H_sp_str_Marseille_Q0026_id_GCA_916856725_1	22	15	Bacteria	Proteobacteria	Gammaproteobacteria	Enterobacterales	Pasteurellaceae	Haemophilus	None	0.0	0.0	0.0	0.0	0.0	0.0	0.0	0.031640048361727395	0.0	0.0	0.0	0.0	0.0	0.0	0.0	3.0522555209848474	0.0	0.0	0.0
H_sp_HMT_036_str_F0629_id_GCA_002998595_1	22	14	Bacteria	Proteobacteria	Gammaproteobacteria	Enterobacterales	Pasteurellaceae	Haemophilus	None	0.0	0.0	0.0	0.0	0.0037277537277537274	0.025372775372775377	0.002886002886002886	0.0	0.003406154568945267	0.0	0.0	0.0	0.02347802347802348	0.09676573426573426	0.012070916635231988	0.0678374655647383	0.010704055480174883	0.0	0.0
H_sp_str_F0397_id_GCA_000242295_1	22	11	Bacteria	Proteobacteria	Gammaproteobacteria	Enterobacterales	Pasteurellaceae	Haemophilus	None	0.01922675026123302	0.0	0.0	0.0	0.0	0.01928374655647383	0.03064738292011019	0.0	0.0	0.0	0.0	0.0	0.03726257793243439	0.08824488908220966	0.00044238000442380006	0.0018726591760299624	0.044309510285243346	0.0	0.0
H_sp_str_SZY_H36_id_GCA_018829625_1	22	12	Bacteria	Proteobacteria	Gammaproteobacteria	Enterobacterales	Pasteurellaceae	Haemophilus	None	0.0	0.006082725060827251	0.0	0.0	0.0	0.0	0.0	0.0	0.0	0.0	0.0017337554650987486	0.0	0.008291873963515755	0.0	0.0	0.04949494949494949	0.01970980996404725	0.0	0.0
H_sp_str_SZY_H8_id_GCA_018829755_1	22	22	Bacteria	Proteobacteria	Gammaproteobacteria	Enterobacterales	Pasteurellaceae	None	None	0.0	0.007138694638694639	0.0	0.060009750006554334	0.0	0.0	0.0	0.006030453791647822	0.0	0.0	0.0	0.0	0.009493272978750158	0.10519834176715927	0.0	0.09759665696356003	0.0	0.0	0.0
H_sputorum_str_C2015005679_id_GCA_003252875_1	22	16	Bacteria	Proteobacteria	Gammaproteobacteria	Enterobacterales	Pasteurellaceae	Haemophilus	Haemophilus sputorum	0.0	0.015010943255218066	0.05330966743180485	0.0	0.0	0.0	0.0	0.0	0.0	0.0	0.0	0.0	0.0	0.03972603539244525	0.0	0.35504794586074645	0.0788643856825675	0.0	0.0
H_sputorum_str_C2002001239_id_GCA_003252715_1	22	16	Bacteria	Proteobacteria	Gammaproteobacteria	Enterobacterales	Pasteurellaceae	Haemophilus	Haemophilus sputorum	0.0	0.08865755456664548	0.008341845420497106	0.0	0.0	0.0	0.0	0.0	0.0	0.0	0.0	0.0	0.0	0.0	0.0	0.4676394928604164	0.04020979020979021	0.0	0.0
H_sputorum_str_CCUG_13788_id_GCA_000238795_2	22	17	Bacteria	Proteobacteria	Gammaproteobacteria	Enterobacterales	Pasteurellaceae	Haemophilus	Haemophilus sputorum	0.0	0.0	0.01625808648280558	0.0	0.0	0.0	0.0	0.0123866401238664	0.0	0.0	0.0	0.0	0.0	0.012965475652042814	0.0	0.8810096718618999	0.05222527411178848	0.0	0.0
A_sp_HMT_458_str_W10330_id_GCA_000466335_1	22	16	Bacteria	Proteobacteria	Gammaproteobacteria	Enterobacterales	Pasteurellaceae	Aggregatibacter	None	0.11451004674265927	1.0086762848980615	0.1905701277894786	0.014361001317523058	0.0	0.04938811188811188	9.290745181382665	0.009508881922675027	0.7838198777894804	0.0	6.963297250675922	0.0	2.1710063325282802	0.007402266944251678	0.0	1.7202098977387037	20.02015481702224	0.01515151515151515	1.1206575462195583
A_sp_str_Marseille_P9115_id_GCA_920939465_1	22	16	Bacteria	Proteobacteria	Gammaproteobacteria	Enterobacterales	Pasteurellaceae	Aggregatibacter	None	0.00475558504755585	0.1442088695993079	0.08990426442981186	0.0	0.0	0.0	1.0900645017637978	0.024269385524572248	0.006746295067462951	0.0	0.44381103096533947	0.0	0.08957310042316938	0.0	0.0	0.1273422911737894	0.40265079804595716	0.0	0.052992844634635675
A_sp_str_2125159857_id_GCA_017798005_1	22	15	Bacteria	Proteobacteria	Gammaproteobacteria	Enterobacterales	Pasteurellaceae	Aggregatibacter	None	0.10453919845901459	0.7135499432077634	0.2942737244745545	0.03367003367003367	0.0	0.020147677498658263	9.08753668396627	0.0	0.723407356469623	0.0	7.030418523279123	0.012323232323232325	1.5695848919028599	0.06967294299623131	0.0	1.9912214744317538	27.359661169044568	0.05171274791712748	0.9395039981656275
A_segnis_str_C2001002503_id_GCA_003252685_1	22	16	Bacteria	Proteobacteria	Gammaproteobacteria	Enterobacterales	Pasteurellaceae	Aggregatibacter	None	0.0	0.09148220438407334	0.23547581197964879	0.0	0.0	0.0	1.361290442524233	0.012260004626416842	0.042063996609451156	0.00012840267077555214	0.21871099862083448	0.04485850587033573	0.044822061610382775	0.0	0.0	0.004534395045343951	0.9069242414962543	0.005244755244755245	0.12157702327423346
A_segnis_str_PN_651_id_GCA_003130325_1	22	16	Bacteria	Proteobacteria	Gammaproteobacteria	Enterobacterales	Pasteurellaceae	Aggregatibacter	None	0.009282009282009283	0.21553400777324064	0.29822579625545176	0.027459671340268357	0.0	0.0	1.7122934616419772	0.0	0.10610449603482118	0.009252833680314597	0.44879888237510335	0.05776411883282113	0.22836217390659924	0.0	0.0	0.2710697929116103	1.4403049793184324	0.0	0.08130309526425895
A_segnis_str_HK_296_id_GCA_003130075_1	22	16	Bacteria	Proteobacteria	Gammaproteobacteria	Enterobacterales	Pasteurellaceae	Aggregatibacter	None	0.0	0.21937993576684478	0.21207635889554383	0.010439321444106133	0.007292845467119327	0.0	2.01381793197729	0.06702619414483822	0.019579451019894233	0.0	0.12923509483263582	0.012994034891845111	0.05748179264397881	0.0	0.0	0.09801831781436143	1.5698460736588624	0.00022119000221190003	0.0
A_segnis_str_PN_450_id_GCA_003130345_1	22	16	Bacteria	Proteobacteria	Gammaproteobacteria	Enterobacterales	Pasteurellaceae	Aggregatibacter	None	0.01149425287356322	0.18227478400330036	0.4645333002461029	0.0	0.0	0.0	3.893973840679621	0.0	0.011446582614465824	0.0	0.19251840728762326	0.0	0.10434496977726783	0.0	0.0	0.042649519748756394	0.7426477027667514	0.030796833460834575	0.015644758514425375
A_segnis_str_C2000002669_id_GCA_003252645_1	22	17	Bacteria	Proteobacteria	Gammaproteobacteria	Enterobacterales	Pasteurellaceae	Aggregatibacter	None	0.008746909117319839	0.027972027972027972	0.09678807062504355	0.019707565162110616	0.0	0.0	1.121966082228943	0.0	0.016238944468609542	0.0	0.33178303209752075	0.01027221366204417	0.21175964832731697	0.0	0.0	0.09540570435282932	1.3901262621201882	0.008327550312283136	0.10992482302595027
A_segnis_str_933_AAPH_id_GCA_001059425_1	22	16	Bacteria	Proteobacteria	Gammaproteobacteria	Enterobacterales	Pasteurellaceae	Aggregatibacter	None	0.0	0.20779190253970906	0.20673060197880186	0.0013879250520471894	0.0	0.0	2.375258611152334	0.0	0.0	0.0	0.3621598277139928	0.05961260961260961	0.22356256137568986	0.0	0.0	0.10815768181395256	1.3921221388083844	0.048100048100048094	0.11219528372813045
A_sp_str_W11186_id_GCA_018128305_1	22	16	Bacteria	Proteobacteria	Gammaproteobacteria	Enterobacterales	Pasteurellaceae	Aggregatibacter	None	0.0	0.17218377773266794	0.1695604253072085	0.0022632968691059974	0.0	0.0	2.402400757840023	0.0	0.035110722610722615	0.0	0.38248073476952577	0.0586664304807321	0.08307803307803308	0.0	0.025091681142636556	0.13252872039653038	1.2643651402203313	0.03340220385674931	0.07591702089446711
A_aphrophilus_str_FDAARGOS_248_id_GCA_002083125_2	22	22	Bacteria	Proteobacteria	Gammaproteobacteria	Enterobacterales	Pasteurellaceae	None	None	0.0	0.3921417400212356	0.7026457282045393	0.3451667075130063	0.00179763739085773	0.05617715617715618	0.5095325448195758	0.0	0.0	0.07745394412089156	0.33363673276597255	0.015697515697515697	0.14425003960724933	0.0	0.0	0.6547360234833697	1.2305884276255332	0.04239335934783012	0.34686068855444785
A_aphrophilus_str_C2008003249_id_GCA_003252995_1	22	22	Bacteria	Proteobacteria	Gammaproteobacteria	Enterobacterales	Pasteurellaceae	None	None	0.001365001365001365	1.8503329399884698	0.490364565794963	0.05723431498079386	0.001092001092001092	0.0	0.08589090624690031	0.0	0.0	0.0355054205054205	0.16546099825314464	0.0	1.07232060436112	0.0	0.0	0.11447555061735372	0.09077811914569456	0.0	0.011538461538461537
A_aphrophilus_str_C2010020251_id_GCA_003252835_1	22	15	Bacteria	Proteobacteria	Gammaproteobacteria	Enterobacterales	Pasteurellaceae	Aggregatibacter	None	0.010049037591410471	0.894928731628621	0.18416662064771872	0.12482899215460362	0.041570119620320166	0.0	0.020919673486902907	0.0	0.0	0.21805211251322676	0.33259201253302434	0.0	0.5798553995642881	0.0	0.0	0.12177686370270102	0.04855038198315891	0.0	0.041617641617641615
A_aphrophilus_str_ATCC_7901_id_GCA_001680805_1	22	14	Bacteria	Proteobacteria	Gammaproteobacteria	Enterobacterales	Pasteurellaceae	Aggregatibacter	None	0.04727432123691621	2.0121149024688476	0.880006923032976	0.013339132956357837	0.0	0.0	0.0	0.0	0.0	0.6540718273510308	1.0515344145740821	0.0	0.08630756023414023	0.0	0.033810992378408115	3.309460941416873	0.06019607780455942	0.0702645685124595	0.05007704160246533
A_aphrophilus_str_PN_517_id_GCA_003130125_1	22	14	Bacteria	Proteobacteria	Gammaproteobacteria	Enterobacterales	Pasteurellaceae	Aggregatibacter	None	0.046403841858387314	2.4151465186676067	1.0379552169674804	0.0	0.0	0.004806687565308255	0.23737169698297408	0.005806237558062376	0.0	0.7776159873772772	1.3801273455013943	0.0	0.01783216783216783	0.0	0.15588528150537673	2.7714453334420006	0.07104637525658694	0.08880587303039462	0.0
A_aphrophilus_str_HK_319_id_GCA_003130365_1	22	14	Bacteria	Proteobacteria	Gammaproteobacteria	Enterobacterales	Pasteurellaceae	Aggregatibacter	None	0.06312563840653729	1.8047782788448856	0.5844120072905084	0.0029248529248529246	0.0	0.0	0.04159019982889533	0.0	0.0	1.223045142878217	1.7560133315314568	0.0	0.05123711280427699	0.0	0.09210834126584863	2.283487748771982	0.032356902356902355	0.10592193284971052	0.01503585473051122
A_aphrophilus_str_HK83_id_GCA_003703745_1	22	14	Bacteria	Proteobacteria	Gammaproteobacteria	Enterobacterales	Pasteurellaceae	Aggregatibacter	None	0.03248549877763361	2.560625525941575	0.9498944398922107	0.044726107226107224	0.061466942148760334	0.00031347962382445143	0.25462901404998967	0.0	0.0	0.47197314937853085	1.0215072660903173	0.0	0.04178414691946961	0.0	0.18557373617757938	4.220636040770425	0.1820533614467602	0.014942528735632184	0.09344128094128096
A_kilianii_str_PN_649_id_GCA_003130015_1	22	15	Bacteria	Proteobacteria	Gammaproteobacteria	Enterobacterales	Pasteurellaceae	Aggregatibacter	None	0.0	0.5650720990680557	0.3286132374711803	0.001044932079414838	0.0	0.0	0.11781620534432852	0.0	0.0	0.1961466569863611	0.21972688503381266	0.0	0.3182885807938363	0.0	0.0	0.3822531100864375	0.05517075517075516	0.030001293159187894	0.027779762816259167
A_kilianii_str_PN_528_id_GCA_003130255_1	22	22	Bacteria	Proteobacteria	Gammaproteobacteria	Enterobacterales	Pasteurellaceae	None	None	0.0008346173600410889	0.9375576365677798	0.19369249720636136	0.0071501532175689475	0.0	0.0	0.13646226521244317	0.008010036672457053	0.0	0.1624706868343232	0.08036033550585717	0.0	0.5275891616885269	0.0	0.0	0.34928234023891913	0.11890698755105533	0.0015151515151515152	0.05191382016199535
A_kilianii_str_PN_491_id_GCA_003129965_1	22	9	Bacteria	Proteobacteria	Gammaproteobacteria	Enterobacterales	Pasteurellaceae	Aggregatibacter	Aggregatibacter kilianii	0.0	0.18107153109441462	0.21231526847370474	0.0	0.0	0.0	0.11120246836970388	0.0	0.0	0.0	0.0	0.0	0.014920194309507286	0.0	0.0	0.01907273517443009	0.0029860650298606504	0.0	0.0
A_actinomycetemcomitans_str_SA15_id_GCA_021309365_1	22	22	Bacteria	Proteobacteria	Gammaproteobacteria	Enterobacterales	Pasteurellaceae	None	None	0.0	0.23270634791815795	0.1599845477946398	0.0	0.0	0.0	0.02970739334375698	0.0	0.0	0.020736562707365628	0.07612797883267694	0.0	0.008158508158508158	0.0	0.0	0.24722000816194792	0.0015035854730511217	0.048254634810904556	0.0
A_actinomycetemcomitans_str_ANH9776_id_GCA_001596315_1	23	19	Bacteria	Proteobacteria	Gammaproteobacteria	Enterobacterales	Pasteurellaceae	Aggregatibacter	None	0.0	0.05860391236973328	0.06089896624647497	0.0	0.0	0.0	0.13434869324064355	0.0	0.0	0.0	0.02803342854120385	0.0	0.05938494167550372	0.0	0.0	0.013752247963609436	0.061964399000260635	0.0	0.024648259811699987
A_actinomycetemcomitans_str_HK_974_id_GCA_008085185_1	22	22	Bacteria	Proteobacteria	Gammaproteobacteria	Enterobacterales	Pasteurellaceae	None	None	0.0	0.0723843541942414	0.08808920087546042	0.0	0.0	0.0	0.08429319250759675	0.0	0.0	0.0	0.01829101829101829	0.0	0.0	0.0	0.0	0.008538777606574217	0.04471029471029471	0.0	0.0
A_segnis_str_NCTC10977_id_GCA_900476035_1	22	16	Bacteria	Proteobacteria	Gammaproteobacteria	Enterobacterales	Pasteurellaceae	Aggregatibacter	None	0.0	0.1049802880303381	0.1792536038355577	0.03443526170798898	0.0034797738147020443	0.017331548817383288	1.2320162622443869	0.0	0.04236393788632595	0.0	0.4052982918756372	0.11014518864253349	0.29697327536155166	0.0	0.0	0.20025703038951148	1.640285805890089	0.0	0.005343895385389161
A_aphrophilus_str_NJ8700_id_GCA_000022985_1	22	15	Bacteria	Proteobacteria	Gammaproteobacteria	Enterobacterales	Pasteurellaceae	Aggregatibacter	None	0.09132389677467008	0.7412255774834962	0.45051286536009766	0.14386562677854872	0.014458169567658618	0.03599691179309014	0.3616198490730805	0.0	0.0	0.27216100958197265	0.461596500708052	0.0	0.09847067093757679	0.0	0.020687645687645688	0.9878595601279883	0.9166387213427303	0.11871328035244334	0.25944662318098166
A_actinomycetemcomitans_str_NCTC_9710_id_GCA_008085305_1	22	12	Bacteria	Proteobacteria	Gammaproteobacteria	Enterobacterales	Pasteurellaceae	Aggregatibacter	Aggregatibacter actinomycetemcomitans	0.0	0.012841847864158491	0.03430773272850597	0.0	0.0	0.0	0.1546781670358646	0.0	0.0	0.0	0.0	0.0	0.0	0.0	0.0	0.09625	0.006548536209553159	0.0	0.0037602300376023
A_aphrophilus_str_NCTC5906_id_GCA_900636915_1	23	16	Bacteria	Proteobacteria	Gammaproteobacteria	Enterobacterales	Pasteurellaceae	Aggregatibacter	None	0.03610934223892108	0.6577863226060952	0.22458696655080188	0.2621478767994628	0.07800341737898835	0.010289481685362692	0.24921257641452604	0.0	0.04482959310651514	0.10041797833665259	0.5820685146398897	0.010869565217391304	0.30485245113354387	0.0	0.0	1.3715741871399103	0.8088736173577631	0.023032052438511034	1.4283861858469518
